Workbook

Sheet Resumo
A1: Resumo por tipologia de resíduo
A4: Tipologia | B4: Nº circuitos | C4: Circuitos sem viatura | D4: Semana · Manhã | E4: Semana · Tarde | F4: Semana · Noite | G4: Sábado | H4: Domingo | I4: Viaturas-turno (semana) | J4: Tripulantes-turno (semana) | K4: Total de Viaturas | L4: Total de RH
A5: Orgânicos | B5: =COUNTIF(Orgânicos!$A$5:$A$200,$A5) -> 7 | C5: =COUNTIFS(Orgânicos!$A$5:$A$200,$A5,Orgânicos!$N$5:$N$200,"Sem viatura atribuída") -> 1 | D5: =COUNTIFS(Base_Dados!$D$2:$D$500,$A5,Base_Dados!$A$2:$A$500,"Semana (2ª a 6ª)",Base_Dados!$B$2:$B$500,"Manhã") -> 4 | E5: =COUNTIFS(Base_Dados!$D$2:$D$500,$A5,Base_Dados!$A$2:$A$500,"Semana (2ª a 6ª)",Base_Dados!$B$2:$B$500,"Tarde") -> 3 | F5: =COUNTIFS(Base_Dados!$D$2:$D$500,$A5,Base_Dados!$A$2:$A$500,"Semana (2ª a 6ª)",Base_Dados!$B$2:$B$500,"Noite") -> 1 | G5: =COUNTIFS(Base_Dados!$D$2:$D$500,$A5,Base_Dados!$A$2:$A$500,"Sábado") -> 7 | H5: =COUNTIFS(Base_Dados!$D$2:$D$500,$A5,Base_Dados!$A$2:$A$500,"Domingo") -> 0 | I5: =SUM(D5:F5) -> 8 | J5: =SUMIFS(Base_Dados!$F$2:$F$500,Base_Dados!$D$2:$D$500,$A5,Base_Dados!$A$2:$A$500,"Semana (2ª a 6ª)") -> 23 | K5: 6 | L5: 12
A6: Indiferenciados | B6: =COUNTIF(Indiferenciados!$A$5:$A$200,$A6) -> 24 | C6: =COUNTIFS(Indiferenciados!$A$5:$A$200,$A6,Indiferenciados!$N$5:$N$200,"Sem viatura atribuída") -> 8 | D6: =COUNTIFS(Base_Dados!$D$2:$D$500,$A6,Base_Dados!$A$2:$A$500,"Semana (2ª a 6ª)",Base_Dados!$B$2:$B$500,"Manhã") -> 14 | E6: =COUNTIFS(Base_Dados!$D$2:$D$500,$A6,Base_Dados!$A$2:$A$500,"Semana (2ª a 6ª)",Base_Dados!$B$2:$B$500,"Tarde") -> 4 | F6: =COUNTIFS(Base_Dados!$D$2:$D$500,$A6,Base_Dados!$A$2:$A$500,"Semana (2ª a 6ª)",Base_Dados!$B$2:$B$500,"Noite") -> 0 | G6: =COUNTIFS(Base_Dados!$D$2:$D$500,$A6,Base_Dados!$A$2:$A$500,"Sábado") -> 18 | H6: =COUNTIFS(Base_Dados!$D$2:$D$500,$A6,Base_Dados!$A$2:$A$500,"Domingo") -> 1 | I6: =SUM(D6:F6) -> 18 | J6: =SUMIFS(Base_Dados!$F$2:$F$500,Base_Dados!$D$2:$D$500,$A6,Base_Dados!$A$2:$A$500,"Semana (2ª a 6ª)") -> 48 | K6: 24 | L6: 72 | M6: Dados Miguel
A7: Recicláveis | B7: =COUNTIF(Recicláveis!$A$5:$A$200,$A7) -> 3 | C7: =COUNTIFS(Recicláveis!$A$5:$A$200,$A7,Recicláveis!$N$5:$N$200,"Sem viatura atribuída") -> 0 | D7: =COUNTIFS(Base_Dados!$D$2:$D$500,$A7,Base_Dados!$A$2:$A$500,"Semana (2ª a 6ª)",Base_Dados!$B$2:$B$500,"Manhã") -> 1 | E7: =COUNTIFS(Base_Dados!$D$2:$D$500,$A7,Base_Dados!$A$2:$A$500,"Semana (2ª a 6ª)",Base_Dados!$B$2:$B$500,"Tarde") -> 4 | F7: =COUNTIFS(Base_Dados!$D$2:$D$500,$A7,Base_Dados!$A$2:$A$500,"Semana (2ª a 6ª)",Base_Dados!$B$2:$B$500,"Noite") -> 0 | G7: =COUNTIFS(Base_Dados!$D$2:$D$500,$A7,Base_Dados!$A$2:$A$500,"Sábado") -> 3 | H7: =COUNTIFS(Base_Dados!$D$2:$D$500,$A7,Base_Dados!$A$2:$A$500,"Domingo") -> 0 | I7: =SUM(D7:F7) -> 5 | J7: =SUMIFS(Base_Dados!$F$2:$F$500,Base_Dados!$D$2:$D$500,$A7,Base_Dados!$A$2:$A$500,"Semana (2ª a 6ª)") -> 11 | K7: 4 | L7: 10
A8: Volumosos (Monstros) | B8: =COUNTIF(Volumosos!$A$5:$A$200,$A8) -> 1 | C8: =COUNTIFS(Volumosos!$A$5:$A$200,$A8,Volumosos!$N$5:$N$200,"Sem viatura atribuída") -> 0 | D8: =COUNTIFS(Base_Dados!$D$2:$D$500,$A8,Base_Dados!$A$2:$A$500,"Semana (2ª a 6ª)",Base_Dados!$B$2:$B$500,"Manhã") -> 4 | E8: =COUNTIFS(Base_Dados!$D$2:$D$500,$A8,Base_Dados!$A$2:$A$500,"Semana (2ª a 6ª)",Base_Dados!$B$2:$B$500,"Tarde") -> 2 | F8: =COUNTIFS(Base_Dados!$D$2:$D$500,$A8,Base_Dados!$A$2:$A$500,"Semana (2ª a 6ª)",Base_Dados!$B$2:$B$500,"Noite") -> 0 | G8: =COUNTIFS(Base_Dados!$D$2:$D$500,$A8,Base_Dados!$A$2:$A$500,"Sábado") -> 5 | H8: =COUNTIFS(Base_Dados!$D$2:$D$500,$A8,Base_Dados!$A$2:$A$500,"Domingo") -> 0 | I8: =SUM(D8:F8) -> 6 | J8: =SUMIFS(Base_Dados!$F$2:$F$500,Base_Dados!$D$2:$D$500,$A8,Base_Dados!$A$2:$A$500,"Semana (2ª a 6ª)") -> 7 | K8: - | L8: -
A9: PAYT | B9: =COUNTIF('Outros serviços'!$A$5:$A$200,$A9) -> 1 | C9: =COUNTIFS('Outros serviços'!$A$5:$A$200,$A9,'Outros serviços'!$N$5:$N$200,"Sem viatura atribuída") -> 0 | D9: =COUNTIFS(Base_Dados!$D$2:$D$500,$A9,Base_Dados!$A$2:$A$500,"Semana (2ª a 6ª)",Base_Dados!$B$2:$B$500,"Manhã") -> 1 | E9: =COUNTIFS(Base_Dados!$D$2:$D$500,$A9,Base_Dados!$A$2:$A$500,"Semana (2ª a 6ª)",Base_Dados!$B$2:$B$500,"Tarde") -> 1 | F9: =COUNTIFS(Base_Dados!$D$2:$D$500,$A9,Base_Dados!$A$2:$A$500,"Semana (2ª a 6ª)",Base_Dados!$B$2:$B$500,"Noite") -> 2 | G9: =COUNTIFS(Base_Dados!$D$2:$D$500,$A9,Base_Dados!$A$2:$A$500,"Sábado") -> 4 | H9: =COUNTIFS(Base_Dados!$D$2:$D$500,$A9,Base_Dados!$A$2:$A$500,"Domingo") -> 4 | I9: =SUM(D9:F9) -> 4 | J9: =SUMIFS(Base_Dados!$F$2:$F$500,Base_Dados!$D$2:$D$500,$A9,Base_Dados!$A$2:$A$500,"Semana (2ª a 6ª)") -> 6 | K9: - | L9: -
A10: Serviços de apoio | B10: =COUNTIF('Outros serviços'!$A$5:$A$200,$A10) -> 2 | C10: =COUNTIFS('Outros serviços'!$A$5:$A$200,$A10,'Outros serviços'!$N$5:$N$200,"Sem viatura atribuída") -> 0 | D10: =COUNTIFS(Base_Dados!$D$2:$D$500,$A10,Base_Dados!$A$2:$A$500,"Semana (2ª a 6ª)",Base_Dados!$B$2:$B$500,"Manhã") -> 2 | E10: =COUNTIFS(Base_Dados!$D$2:$D$500,$A10,Base_Dados!$A$2:$A$500,"Semana (2ª a 6ª)",Base_Dados!$B$2:$B$500,"Tarde") -> 1 | F10: =COUNTIFS(Base_Dados!$D$2:$D$500,$A10,Base_Dados!$A$2:$A$500,"Semana (2ª a 6ª)",Base_Dados!$B$2:$B$500,"Noite") -> 0 | G10: =COUNTIFS(Base_Dados!$D$2:$D$500,$A10,Base_Dados!$A$2:$A$500,"Sábado") -> 1 | H10: =COUNTIFS(Base_Dados!$D$2:$D$500,$A10,Base_Dados!$A$2:$A$500,"Domingo") -> 0 | I10: =SUM(D10:F10) -> 3 | J10: =SUMIFS(Base_Dados!$F$2:$F$500,Base_Dados!$D$2:$D$500,$A10,Base_Dados!$A$2:$A$500,"Semana (2ª a 6ª)") -> 3 | K10: - | L10: -
A11: A confirmar | B11: =COUNTIF('Outros serviços'!$A$5:$A$200,$A11) -> 2 | C11: =COUNTIFS('Outros serviços'!$A$5:$A$200,$A11,'Outros serviços'!$N$5:$N$200,"Sem viatura atribuída") -> 0 | D11: =COUNTIFS(Base_Dados!$D$2:$D$500,$A11,Base_Dados!$A$2:$A$500,"Semana (2ª a 6ª)",Base_Dados!$B$2:$B$500,"Manhã") -> 1 | E11: =COUNTIFS(Base_Dados!$D$2:$D$500,$A11,Base_Dados!$A$2:$A$500,"Semana (2ª a 6ª)",Base_Dados!$B$2:$B$500,"Tarde") -> 0 | F11: =COUNTIFS(Base_Dados!$D$2:$D$500,$A11,Base_Dados!$A$2:$A$500,"Semana (2ª a 6ª)",Base_Dados!$B$2:$B$500,"Noite") -> 0 | G11: =COUNTIFS(Base_Dados!$D$2:$D$500,$A11,Base_Dados!$A$2:$A$500,"Sábado") -> 1 | H11: =COUNTIFS(Base_Dados!$D$2:$D$500,$A11,Base_Dados!$A$2:$A$500,"Domingo") -> 1 | I11: =SUM(D11:F11) -> 1 | J11: =SUMIFS(Base_Dados!$F$2:$F$500,Base_Dados!$D$2:$D$500,$A11,Base_Dados!$A$2:$A$500,"Semana (2ª a 6ª)") -> 3 | K11: - | L11: -
A12: TOTAL | B12: =SUM(B5:B11) -> 40 | C12: =SUM(C5:C11) -> 9 | D12: =SUM(D5:D11) -> 27 | E12: =SUM(E5:E11) -> 15 | F12: =SUM(F5:F11) -> 3 | G12: =SUM(G5:G11) -> 39 | H12: =SUM(H5:H11) -> 6 | I12: =SUM(I5:I11) -> 45 | J12: =SUM(J5:J11) -> 101

Sheet Orgânicos
A1: Circuitos · Orgânicos
A4: Tipologia | B4: Circuito | C4: Tipo de recolha | D4: Localidades | E4: Dias de recolha | F4: Cód. viatura (ficheiro circuitos) | G4: Semana · Manhã | H4: Semana · Tarde | I4: Semana · Noite | J4: Sábado | K4: Domingo | L4: Nº afetações (semana) | M4: Nº afetações (total) | N4: Estado | O4: Observação
A5: Orgânicos | B5: BIO 1 | C5: PAP | D5: Centro histórico | E5: Todos os dias Manhã e tarde | F5: V1 | G5: {=_xlfn.TEXTJOIN(", ",TRUE(),IF((Base_Dados!$C$2:$C$500=$B5)*(Base_Dados!$A$2:$A$500="Semana (2ª a 6ª)")*(Base_Dados!$B$2:$B$500="Manhã"),Base_Dados!$E$2:$E$500,""))} | H5: {=_xlfn.TEXTJOIN(", ",TRUE(),IF((Base_Dados!$C$2:$C$500=$B5)*(Base_Dados!$A$2:$A$500="Semana (2ª a 6ª)")*(Base_Dados!$B$2:$B$500="Tarde"),Base_Dados!$E$2:$E$500,""))} -> AR-93-SQ | I5: {=_xlfn.TEXTJOIN(", ",TRUE(),IF((Base_Dados!$C$2:$C$500=$B5)*(Base_Dados!$A$2:$A$500="Semana (2ª a 6ª)")*(Base_Dados!$B$2:$B$500="Noite"),Base_Dados!$E$2:$E$500,""))} -> AR-81-SQ | J5: {=_xlfn.TEXTJOIN(", ",TRUE(),IF((Base_Dados!$C$2:$C$500=$B5)*(Base_Dados!$A$2:$A$500="Sábado"),Base_Dados!$E$2:$E$500&" ("&Base_Dados!$B$2:$B$500&")",""))} -> AR-81-SQ (Tarde), AR-81-SQ (Noite) | K5: {=_xlfn.TEXTJOIN(", ",TRUE(),IF((Base_Dados!$C$2:$C$500=$B5)*(Base_Dados!$A$2:$A$500="Domingo"),Base_Dados!$E$2:$E$500&" ("&Base_Dados!$B$2:$B$500&")",""))} | L5: =COUNTIFS(Base_Dados!$C$2:$C$500,$B5,Base_Dados!$A$2:$A$500,"Semana (2ª a 6ª)") -> 2 | M5: =COUNTIF(Base_Dados!$C$2:$C$500,$B5) -> 4 | N5: =IF(M5=0,"Sem viatura atribuída",IF(L5=0,"Só ao fim de semana","OK")) -> OK
A6: Orgânicos | B6: BIO 2 | C6: Contentores | D6: HORECA Cemitérios Contentores 1000L Taipas e Creixomil | E6: Todos os dias Manhã e tarde | F6: V2 | G6: {=_xlfn.TEXTJOIN(", ",TRUE(),IF((Base_Dados!$C$2:$C$500=$B6)*(Base_Dados!$A$2:$A$500="Semana (2ª a 6ª)")*(Base_Dados!$B$2:$B$500="Manhã"),Base_Dados!$E$2:$E$500,""))} | H6: {=_xlfn.TEXTJOIN(", ",TRUE(),IF((Base_Dados!$C$2:$C$500=$B6)*(Base_Dados!$A$2:$A$500="Semana (2ª a 6ª)")*(Base_Dados!$B$2:$B$500="Tarde"),Base_Dados!$E$2:$E$500,""))} -> AR-81-SQ | I6: {=_xlfn.TEXTJOIN(", ",TRUE(),IF((Base_Dados!$C$2:$C$500=$B6)*(Base_Dados!$A$2:$A$500="Semana (2ª a 6ª)")*(Base_Dados!$B$2:$B$500="Noite"),Base_Dados!$E$2:$E$500,""))} | J6: {=_xlfn.TEXTJOIN(", ",TRUE(),IF((Base_Dados!$C$2:$C$500=$B6)*(Base_Dados!$A$2:$A$500="Sábado"),Base_Dados!$E$2:$E$500&" ("&Base_Dados!$B$2:$B$500&")",""))} -> AR-93-SQ (Tarde) | K6: {=_xlfn.TEXTJOIN(", ",TRUE(),IF((Base_Dados!$C$2:$C$500=$B6)*(Base_Dados!$A$2:$A$500="Domingo"),Base_Dados!$E$2:$E$500&" ("&Base_Dados!$B$2:$B$500&")",""))} | L6: =COUNTIFS(Base_Dados!$C$2:$C$500,$B6,Base_Dados!$A$2:$A$500,"Semana (2ª a 6ª)") -> 1 | M6: =COUNTIF(Base_Dados!$C$2:$C$500,$B6) -> 2 | N6: =IF(M6=0,"Sem viatura atribuída",IF(L6=0,"Só ao fim de semana","OK")) -> OK
A7: Orgânicos | B7: BIO 3 | C7: Contentores | D7: Todos os cemitérios do concelho | E7: Todos os dias | F7: V3 | G7: {=_xlfn.TEXTJOIN(", ",TRUE(),IF((Base_Dados!$C$2:$C$500=$B7)*(Base_Dados!$A$2:$A$500="Semana (2ª a 6ª)")*(Base_Dados!$B$2:$B$500="Manhã"),Base_Dados!$E$2:$E$500,""))} -> 60-93-ZG | H7: {=_xlfn.TEXTJOIN(", ",TRUE(),IF((Base_Dados!$C$2:$C$500=$B7)*(Base_Dados!$A$2:$A$500="Semana (2ª a 6ª)")*(Base_Dados!$B$2:$B$500="Tarde"),Base_Dados!$E$2:$E$500,""))} -> AS-75-SG | I7: {=_xlfn.TEXTJOIN(", ",TRUE(),IF((Base_Dados!$C$2:$C$500=$B7)*(Base_Dados!$A$2:$A$500="Semana (2ª a 6ª)")*(Base_Dados!$B$2:$B$500="Noite"),Base_Dados!$E$2:$E$500,""))} | J7: {=_xlfn.TEXTJOIN(", ",TRUE(),IF((Base_Dados!$C$2:$C$500=$B7)*(Base_Dados!$A$2:$A$500="Sábado"),Base_Dados!$E$2:$E$500&" ("&Base_Dados!$B$2:$B$500&")",""))} -> 60-93-ZG (Manhã), AS-75-SG (Tarde) | K7: {=_xlfn.TEXTJOIN(", ",TRUE(),IF((Base_Dados!$C$2:$C$500=$B7)*(Base_Dados!$A$2:$A$500="Domingo"),Base_Dados!$E$2:$E$500&" ("&Base_Dados!$B$2:$B$500&")",""))} | L7: =COUNTIFS(Base_Dados!$C$2:$C$500,$B7,Base_Dados!$A$2:$A$500,"Semana (2ª a 6ª)") -> 2 | M7: =COUNTIF(Base_Dados!$C$2:$C$500,$B7) -> 4 | N7: =IF(M7=0,"Sem viatura atribuída",IF(L7=0,"Só ao fim de semana","OK")) -> OK
A8: Orgânicos | B8: BIO 4 | C8: Contentores | D8: Cidade Costa Urgezes Azúrem Creixomil Campelos | F8: V1 | G8: {=_xlfn.TEXTJOIN(", ",TRUE(),IF((Base_Dados!$C$2:$C$500=$B8)*(Base_Dados!$A$2:$A$500="Semana (2ª a 6ª)")*(Base_Dados!$B$2:$B$500="Manhã"),Base_Dados!$E$2:$E$500,""))} -> AR-93-SQ | H8: {=_xlfn.TEXTJOIN(", ",TRUE(),IF((Base_Dados!$C$2:$C$500=$B8)*(Base_Dados!$A$2:$A$500="Semana (2ª a 6ª)")*(Base_Dados!$B$2:$B$500="Tarde"),Base_Dados!$E$2:$E$500,""))} | I8: {=_xlfn.TEXTJOIN(", ",TRUE(),IF((Base_Dados!$C$2:$C$500=$B8)*(Base_Dados!$A$2:$A$500="Semana (2ª a 6ª)")*(Base_Dados!$B$2:$B$500="Noite"),Base_Dados!$E$2:$E$500,""))} | J8: {=_xlfn.TEXTJOIN(", ",TRUE(),IF((Base_Dados!$C$2:$C$500=$B8)*(Base_Dados!$A$2:$A$500="Sábado"),Base_Dados!$E$2:$E$500&" ("&Base_Dados!$B$2:$B$500&")",""))} | K8: {=_xlfn.TEXTJOIN(", ",TRUE(),IF((Base_Dados!$C$2:$C$500=$B8)*(Base_Dados!$A$2:$A$500="Domingo"),Base_Dados!$E$2:$E$500&" ("&Base_Dados!$B$2:$B$500&")",""))} | L8: =COUNTIFS(Base_Dados!$C$2:$C$500,$B8,Base_Dados!$A$2:$A$500,"Semana (2ª a 6ª)") -> 1 | M8: =COUNTIF(Base_Dados!$C$2:$C$500,$B8) -> 1 | N8: =IF(M8=0,"Sem viatura atribuída",IF(L8=0,"Só ao fim de semana","OK")) -> OK
A9: Orgânicos | B9: BIO 5 | C9: Contentores | D9: Aldão (compactador) | G9: {=_xlfn.TEXTJOIN(", ",TRUE(),IF((Base_Dados!$C$2:$C$500=$B9)*(Base_Dados!$A$2:$A$500="Semana (2ª a 6ª)")*(Base_Dados!$B$2:$B$500="Manhã"),Base_Dados!$E$2:$E$500,""))} | H9: {=_xlfn.TEXTJOIN(", ",TRUE(),IF((Base_Dados!$C$2:$C$500=$B9)*(Base_Dados!$A$2:$A$500="Semana (2ª a 6ª)")*(Base_Dados!$B$2:$B$500="Tarde"),Base_Dados!$E$2:$E$500,""))} | I9: {=_xlfn.TEXTJOIN(", ",TRUE(),IF((Base_Dados!$C$2:$C$500=$B9)*(Base_Dados!$A$2:$A$500="Semana (2ª a 6ª)")*(Base_Dados!$B$2:$B$500="Noite"),Base_Dados!$E$2:$E$500,""))} | J9: {=_xlfn.TEXTJOIN(", ",TRUE(),IF((Base_Dados!$C$2:$C$500=$B9)*(Base_Dados!$A$2:$A$500="Sábado"),Base_Dados!$E$2:$E$500&" ("&Base_Dados!$B$2:$B$500&")",""))} | K9: {=_xlfn.TEXTJOIN(", ",TRUE(),IF((Base_Dados!$C$2:$C$500=$B9)*(Base_Dados!$A$2:$A$500="Domingo"),Base_Dados!$E$2:$E$500&" ("&Base_Dados!$B$2:$B$500&")",""))} | L9: =COUNTIFS(Base_Dados!$C$2:$C$500,$B9,Base_Dados!$A$2:$A$500,"Semana (2ª a 6ª)") -> 0 | M9: =COUNTIF(Base_Dados!$C$2:$C$500,$B9) -> 0 | N9: =IF(M9=0,"Sem viatura atribuída",IF(L9=0,"Só ao fim de semana","OK")) -> Sem viatura atribuída
A10: Orgânicos | B10: BIO 6 | C10: Contentores | D10: Ponte Fermentões | E10: Segunda-feria Sexta-feira | F10: V4 | G10: {=_xlfn.TEXTJOIN(", ",TRUE(),IF((Base_Dados!$C$2:$C$500=$B10)*(Base_Dados!$A$2:$A$500="Semana (2ª a 6ª)")*(Base_Dados!$B$2:$B$500="Manhã"),Base_Dados!$E$2:$E$500,""))} -> AN-50-LT | H10: {=_xlfn.TEXTJOIN(", ",TRUE(),IF((Base_Dados!$C$2:$C$500=$B10)*(Base_Dados!$A$2:$A$500="Semana (2ª a 6ª)")*(Base_Dados!$B$2:$B$500="Tarde"),Base_Dados!$E$2:$E$500,""))} | I10: {=_xlfn.TEXTJOIN(", ",TRUE(),IF((Base_Dados!$C$2:$C$500=$B10)*(Base_Dados!$A$2:$A$500="Semana (2ª a 6ª)")*(Base_Dados!$B$2:$B$500="Noite"),Base_Dados!$E$2:$E$500,""))} | J10: {=_xlfn.TEXTJOIN(", ",TRUE(),IF((Base_Dados!$C$2:$C$500=$B10)*(Base_Dados!$A$2:$A$500="Sábado"),Base_Dados!$E$2:$E$500&" ("&Base_Dados!$B$2:$B$500&")",""))} | K10: {=_xlfn.TEXTJOIN(", ",TRUE(),IF((Base_Dados!$C$2:$C$500=$B10)*(Base_Dados!$A$2:$A$500="Domingo"),Base_Dados!$E$2:$E$500&" ("&Base_Dados!$B$2:$B$500&")",""))} | L10: =COUNTIFS(Base_Dados!$C$2:$C$500,$B10,Base_Dados!$A$2:$A$500,"Semana (2ª a 6ª)") -> 1 | M10: =COUNTIF(Base_Dados!$C$2:$C$500,$B10) -> 1 | N10: =IF(M10=0,"Sem viatura atribuída",IF(L10=0,"Só ao fim de semana","OK")) -> OK
A11: Orgânicos | B11: BIO (s/ nº) | G11: {=_xlfn.TEXTJOIN(", ",TRUE(),IF((Base_Dados!$C$2:$C$500=$B11)*(Base_Dados!$A$2:$A$500="Semana (2ª a 6ª)")*(Base_Dados!$B$2:$B$500="Manhã"),Base_Dados!$E$2:$E$500,""))} -> 58-PF-10 | H11: {=_xlfn.TEXTJOIN(", ",TRUE(),IF((Base_Dados!$C$2:$C$500=$B11)*(Base_Dados!$A$2:$A$500="Semana (2ª a 6ª)")*(Base_Dados!$B$2:$B$500="Tarde"),Base_Dados!$E$2:$E$500,""))} | I11: {=_xlfn.TEXTJOIN(", ",TRUE(),IF((Base_Dados!$C$2:$C$500=$B11)*(Base_Dados!$A$2:$A$500="Semana (2ª a 6ª)")*(Base_Dados!$B$2:$B$500="Noite"),Base_Dados!$E$2:$E$500,""))} | J11: {=_xlfn.TEXTJOIN(", ",TRUE(),IF((Base_Dados!$C$2:$C$500=$B11)*(Base_Dados!$A$2:$A$500="Sábado"),Base_Dados!$E$2:$E$500&" ("&Base_Dados!$B$2:$B$500&")",""))} -> AN-50-LT (Manhã), AR-93-SQ (Manhã) | K11: {=_xlfn.TEXTJOIN(", ",TRUE(),IF((Base_Dados!$C$2:$C$500=$B11)*(Base_Dados!$A$2:$A$500="Domingo"),Base_Dados!$E$2:$E$500&" ("&Base_Dados!$B$2:$B$500&")",""))} | L11: =COUNTIFS(Base_Dados!$C$2:$C$500,$B11,Base_Dados!$A$2:$A$500,"Semana (2ª a 6ª)") -> 1 | M11: =COUNTIF(Base_Dados!$C$2:$C$500,$B11) -> 3 | N11: =IF(M11=0,"Sem viatura atribuída",IF(L11=0,"Só ao fim de semana","OK")) -> OK | O11: Escrito só "Bio" no planeamento. Confirmar qual circuito BIO.

Sheet Indiferenciados
A1: Circuitos · Indiferenciados
A4: Tipologia | B4: Circuito | C4: Tipo de recolha | D4: Localidades | E4: Dias de recolha | F4: Cód. viatura (ficheiro circuitos) | G4: Semana · Manhã | H4: Semana · Tarde | I4: Semana · Noite | J4: Sábado | K4: Domingo | L4: Nº afetações (semana) | M4: Nº afetações (total) | N4: Estado | O4: Observação
A5: Indiferenciados | B5: C1 | C5: Moloks | D5: Costa Azurém Moreira de Cónegos Mesão Frio São Torcato | E5: Conforme planeamento | G5: {=_xlfn.TEXTJOIN(", ",TRUE(),IF((Base_Dados!$C$2:$C$500=$B5)*(Base_Dados!$A$2:$A$500="Semana (2ª a 6ª)")*(Base_Dados!$B$2:$B$500="Manhã"),Base_Dados!$E$2:$E$500,""))} -> 69-TJ-24 | H5: {=_xlfn.TEXTJOIN(", ",TRUE(),IF((Base_Dados!$C$2:$C$500=$B5)*(Base_Dados!$A$2:$A$500="Semana (2ª a 6ª)")*(Base_Dados!$B$2:$B$500="Tarde"),Base_Dados!$E$2:$E$500,""))} -> AV-32-SV | I5: {=_xlfn.TEXTJOIN(", ",TRUE(),IF((Base_Dados!$C$2:$C$500=$B5)*(Base_Dados!$A$2:$A$500="Semana (2ª a 6ª)")*(Base_Dados!$B$2:$B$500="Noite"),Base_Dados!$E$2:$E$500,""))} | J5: {=_xlfn.TEXTJOIN(", ",TRUE(),IF((Base_Dados!$C$2:$C$500=$B5)*(Base_Dados!$A$2:$A$500="Sábado"),Base_Dados!$E$2:$E$500&" ("&Base_Dados!$B$2:$B$500&")",""))} -> 65-RB-29 (Manhã), AV-32-SV (Tarde) | K5: {=_xlfn.TEXTJOIN(", ",TRUE(),IF((Base_Dados!$C$2:$C$500=$B5)*(Base_Dados!$A$2:$A$500="Domingo"),Base_Dados!$E$2:$E$500&" ("&Base_Dados!$B$2:$B$500&")",""))} -> AJ-49-UO (Manhã) | L5: =COUNTIFS(Base_Dados!$C$2:$C$500,$B5,Base_Dados!$A$2:$A$500,"Semana (2ª a 6ª)") -> 2 | M5: =COUNTIF(Base_Dados!$C$2:$C$500,$B5) -> 5 | N5: =IF(M5=0,"Sem viatura atribuída",IF(L5=0,"Só ao fim de semana","OK")) -> OK
A6: Indiferenciados | B6: C2 | C6: Moloks | D6: Cidade Costa Senhora da Conceição | E6: Conforme planeamento | G6: {=_xlfn.TEXTJOIN(", ",TRUE(),IF((Base_Dados!$C$2:$C$500=$B6)*(Base_Dados!$A$2:$A$500="Semana (2ª a 6ª)")*(Base_Dados!$B$2:$B$500="Manhã"),Base_Dados!$E$2:$E$500,""))} -> CA-27-DS | H6: {=_xlfn.TEXTJOIN(", ",TRUE(),IF((Base_Dados!$C$2:$C$500=$B6)*(Base_Dados!$A$2:$A$500="Semana (2ª a 6ª)")*(Base_Dados!$B$2:$B$500="Tarde"),Base_Dados!$E$2:$E$500,""))} | I6: {=_xlfn.TEXTJOIN(", ",TRUE(),IF((Base_Dados!$C$2:$C$500=$B6)*(Base_Dados!$A$2:$A$500="Semana (2ª a 6ª)")*(Base_Dados!$B$2:$B$500="Noite"),Base_Dados!$E$2:$E$500,""))} | J6: {=_xlfn.TEXTJOIN(", ",TRUE(),IF((Base_Dados!$C$2:$C$500=$B6)*(Base_Dados!$A$2:$A$500="Sábado"),Base_Dados!$E$2:$E$500&" ("&Base_Dados!$B$2:$B$500&")",""))} -> CA-27-DS (Manhã) | K6: {=_xlfn.TEXTJOIN(", ",TRUE(),IF((Base_Dados!$C$2:$C$500=$B6)*(Base_Dados!$A$2:$A$500="Domingo"),Base_Dados!$E$2:$E$500&" ("&Base_Dados!$B$2:$B$500&")",""))} | L6: =COUNTIFS(Base_Dados!$C$2:$C$500,$B6,Base_Dados!$A$2:$A$500,"Semana (2ª a 6ª)") -> 1 | M6: =COUNTIF(Base_Dados!$C$2:$C$500,$B6) -> 2 | N6: =IF(M6=0,"Sem viatura atribuída",IF(L6=0,"Só ao fim de semana","OK")) -> OK
A7: Indiferenciados | B7: C3 | C7: Moloks | D7: Fermentões Caldelas Barco Santo Eufémia Ponte Sande S. Martinho Prazins Souto | E7: Conforme planeamento | G7: {=_xlfn.TEXTJOIN(", ",TRUE(),IF((Base_Dados!$C$2:$C$500=$B7)*(Base_Dados!$A$2:$A$500="Semana (2ª a 6ª)")*(Base_Dados!$B$2:$B$500="Manhã"),Base_Dados!$E$2:$E$500,""))} | H7: {=_xlfn.TEXTJOIN(", ",TRUE(),IF((Base_Dados!$C$2:$C$500=$B7)*(Base_Dados!$A$2:$A$500="Semana (2ª a 6ª)")*(Base_Dados!$B$2:$B$500="Tarde"),Base_Dados!$E$2:$E$500,""))} -> AJ-49-UO | I7: {=_xlfn.TEXTJOIN(", ",TRUE(),IF((Base_Dados!$C$2:$C$500=$B7)*(Base_Dados!$A$2:$A$500="Semana (2ª a 6ª)")*(Base_Dados!$B$2:$B$500="Noite"),Base_Dados!$E$2:$E$500,""))} | J7: {=_xlfn.TEXTJOIN(", ",TRUE(),IF((Base_Dados!$C$2:$C$500=$B7)*(Base_Dados!$A$2:$A$500="Sábado"),Base_Dados!$E$2:$E$500&" ("&Base_Dados!$B$2:$B$500&")",""))} -> AJ-49-UO (Tarde) | K7: {=_xlfn.TEXTJOIN(", ",TRUE(),IF((Base_Dados!$C$2:$C$500=$B7)*(Base_Dados!$A$2:$A$500="Domingo"),Base_Dados!$E$2:$E$500&" ("&Base_Dados!$B$2:$B$500&")",""))} | L7: =COUNTIFS(Base_Dados!$C$2:$C$500,$B7,Base_Dados!$A$2:$A$500,"Semana (2ª a 6ª)") -> 1 | M7: =COUNTIF(Base_Dados!$C$2:$C$500,$B7) -> 2 | N7: =IF(M7=0,"Sem viatura atribuída",IF(L7=0,"Só ao fim de semana","OK")) -> OK
A8: Indiferenciados | B8: C4 | C8: Moloks | D8: Urgezes Selho Campelos Ronfe Serzedelo Gandarela Silvares Brito Gondar Guardizela | E8: Conforme planeamento | G8: {=_xlfn.TEXTJOIN(", ",TRUE(),IF((Base_Dados!$C$2:$C$500=$B8)*(Base_Dados!$A$2:$A$500="Semana (2ª a 6ª)")*(Base_Dados!$B$2:$B$500="Manhã"),Base_Dados!$E$2:$E$500,""))} | H8: {=_xlfn.TEXTJOIN(", ",TRUE(),IF((Base_Dados!$C$2:$C$500=$B8)*(Base_Dados!$A$2:$A$500="Semana (2ª a 6ª)")*(Base_Dados!$B$2:$B$500="Tarde"),Base_Dados!$E$2:$E$500,""))} -> 69-TJ-24 | I8: {=_xlfn.TEXTJOIN(", ",TRUE(),IF((Base_Dados!$C$2:$C$500=$B8)*(Base_Dados!$A$2:$A$500="Semana (2ª a 6ª)")*(Base_Dados!$B$2:$B$500="Noite"),Base_Dados!$E$2:$E$500,""))} | J8: {=_xlfn.TEXTJOIN(", ",TRUE(),IF((Base_Dados!$C$2:$C$500=$B8)*(Base_Dados!$A$2:$A$500="Sábado"),Base_Dados!$E$2:$E$500&" ("&Base_Dados!$B$2:$B$500&")",""))} -> 69-TJ-24 (Tarde) | K8: {=_xlfn.TEXTJOIN(", ",TRUE(),IF((Base_Dados!$C$2:$C$500=$B8)*(Base_Dados!$A$2:$A$500="Domingo"),Base_Dados!$E$2:$E$500&" ("&Base_Dados!$B$2:$B$500&")",""))} | L8: =COUNTIFS(Base_Dados!$C$2:$C$500,$B8,Base_Dados!$A$2:$A$500,"Semana (2ª a 6ª)") -> 1 | M8: =COUNTIF(Base_Dados!$C$2:$C$500,$B8) -> 2 | N8: =IF(M8=0,"Sem viatura atribuída",IF(L8=0,"Só ao fim de semana","OK")) -> OK
A9: Indiferenciados | B9: C5 | C9: Moloks | D9: Creixomil (zona alta) | E9: Conforme planeamento | G9: {=_xlfn.TEXTJOIN(", ",TRUE(),IF((Base_Dados!$C$2:$C$500=$B9)*(Base_Dados!$A$2:$A$500="Semana (2ª a 6ª)")*(Base_Dados!$B$2:$B$500="Manhã"),Base_Dados!$E$2:$E$500,""))} -> AV-32-SV | H9: {=_xlfn.TEXTJOIN(", ",TRUE(),IF((Base_Dados!$C$2:$C$500=$B9)*(Base_Dados!$A$2:$A$500="Semana (2ª a 6ª)")*(Base_Dados!$B$2:$B$500="Tarde"),Base_Dados!$E$2:$E$500,""))} | I9: {=_xlfn.TEXTJOIN(", ",TRUE(),IF((Base_Dados!$C$2:$C$500=$B9)*(Base_Dados!$A$2:$A$500="Semana (2ª a 6ª)")*(Base_Dados!$B$2:$B$500="Noite"),Base_Dados!$E$2:$E$500,""))} | J9: {=_xlfn.TEXTJOIN(", ",TRUE(),IF((Base_Dados!$C$2:$C$500=$B9)*(Base_Dados!$A$2:$A$500="Sábado"),Base_Dados!$E$2:$E$500&" ("&Base_Dados!$B$2:$B$500&")",""))} -> AV-32-SV (Manhã) | K9: {=_xlfn.TEXTJOIN(", ",TRUE(),IF((Base_Dados!$C$2:$C$500=$B9)*(Base_Dados!$A$2:$A$500="Domingo"),Base_Dados!$E$2:$E$500&" ("&Base_Dados!$B$2:$B$500&")",""))} | L9: =COUNTIFS(Base_Dados!$C$2:$C$500,$B9,Base_Dados!$A$2:$A$500,"Semana (2ª a 6ª)") -> 1 | M9: =COUNTIF(Base_Dados!$C$2:$C$500,$B9) -> 2 | N9: =IF(M9=0,"Sem viatura atribuída",IF(L9=0,"Só ao fim de semana","OK")) -> OK
A10: Indiferenciados | B10: C6 | C10: Moloks | D10: Urgezes, Abação, Creixomil (zona baixa), Penha, Polvoreira, Conde, Nespereira e Lordelo | E10: Conforme planeamento | G10: {=_xlfn.TEXTJOIN(", ",TRUE(),IF((Base_Dados!$C$2:$C$500=$B10)*(Base_Dados!$A$2:$A$500="Semana (2ª a 6ª)")*(Base_Dados!$B$2:$B$500="Manhã"),Base_Dados!$E$2:$E$500,""))} -> 24-ZZ-64 | H10: {=_xlfn.TEXTJOIN(", ",TRUE(),IF((Base_Dados!$C$2:$C$500=$B10)*(Base_Dados!$A$2:$A$500="Semana (2ª a 6ª)")*(Base_Dados!$B$2:$B$500="Tarde"),Base_Dados!$E$2:$E$500,""))} -> CA-27-DS | I10: {=_xlfn.TEXTJOIN(", ",TRUE(),IF((Base_Dados!$C$2:$C$500=$B10)*(Base_Dados!$A$2:$A$500="Semana (2ª a 6ª)")*(Base_Dados!$B$2:$B$500="Noite"),Base_Dados!$E$2:$E$500,""))} | J10: {=_xlfn.TEXTJOIN(", ",TRUE(),IF((Base_Dados!$C$2:$C$500=$B10)*(Base_Dados!$A$2:$A$500="Sábado"),Base_Dados!$E$2:$E$500&" ("&Base_Dados!$B$2:$B$500&")",""))} -> 24-ZZ-64 (Manhã), CA-27-DS (Tarde) | K10: {=_xlfn.TEXTJOIN(", ",TRUE(),IF((Base_Dados!$C$2:$C$500=$B10)*(Base_Dados!$A$2:$A$500="Domingo"),Base_Dados!$E$2:$E$500&" ("&Base_Dados!$B$2:$B$500&")",""))} | L10: =COUNTIFS(Base_Dados!$C$2:$C$500,$B10,Base_Dados!$A$2:$A$500,"Semana (2ª a 6ª)") -> 2 | M10: =COUNTIF(Base_Dados!$C$2:$C$500,$B10) -> 4 | N10: =IF(M10=0,"Sem viatura atribuída",IF(L10=0,"Só ao fim de semana","OK")) -> OK
A11: Indiferenciados | B11: C7 | C11: PAP | D11: Donin Briteiros S. Estevão | E11: 3ª, 5ª & SAB | G11: {=_xlfn.TEXTJOIN(", ",TRUE(),IF((Base_Dados!$C$2:$C$500=$B11)*(Base_Dados!$A$2:$A$500="Semana (2ª a 6ª)")*(Base_Dados!$B$2:$B$500="Manhã"),Base_Dados!$E$2:$E$500,""))} -> 60-93-ZG | H11: {=_xlfn.TEXTJOIN(", ",TRUE(),IF((Base_Dados!$C$2:$C$500=$B11)*(Base_Dados!$A$2:$A$500="Semana (2ª a 6ª)")*(Base_Dados!$B$2:$B$500="Tarde"),Base_Dados!$E$2:$E$500,""))} | I11: {=_xlfn.TEXTJOIN(", ",TRUE(),IF((Base_Dados!$C$2:$C$500=$B11)*(Base_Dados!$A$2:$A$500="Semana (2ª a 6ª)")*(Base_Dados!$B$2:$B$500="Noite"),Base_Dados!$E$2:$E$500,""))} | J11: {=_xlfn.TEXTJOIN(", ",TRUE(),IF((Base_Dados!$C$2:$C$500=$B11)*(Base_Dados!$A$2:$A$500="Sábado"),Base_Dados!$E$2:$E$500&" ("&Base_Dados!$B$2:$B$500&")",""))} -> 60-93-ZG (Manhã) | K11: {=_xlfn.TEXTJOIN(", ",TRUE(),IF((Base_Dados!$C$2:$C$500=$B11)*(Base_Dados!$A$2:$A$500="Domingo"),Base_Dados!$E$2:$E$500&" ("&Base_Dados!$B$2:$B$500&")",""))} | L11: =COUNTIFS(Base_Dados!$C$2:$C$500,$B11,Base_Dados!$A$2:$A$500,"Semana (2ª a 6ª)") -> 1 | M11: =COUNTIF(Base_Dados!$C$2:$C$500,$B11) -> 2 | N11: =IF(M11=0,"Sem viatura atribuída",IF(L11=0,"Só ao fim de semana","OK")) -> OK
A12: Indiferenciados | B12: C8 | C12: PAP | D12: Ponte | E12: 4ª (manhã) 2ª & 6ª (tarde) | G12: {=_xlfn.TEXTJOIN(", ",TRUE(),IF((Base_Dados!$C$2:$C$500=$B12)*(Base_Dados!$A$2:$A$500="Semana (2ª a 6ª)")*(Base_Dados!$B$2:$B$500="Manhã"),Base_Dados!$E$2:$E$500,""))} | H12: {=_xlfn.TEXTJOIN(", ",TRUE(),IF((Base_Dados!$C$2:$C$500=$B12)*(Base_Dados!$A$2:$A$500="Semana (2ª a 6ª)")*(Base_Dados!$B$2:$B$500="Tarde"),Base_Dados!$E$2:$E$500,""))} | I12: {=_xlfn.TEXTJOIN(", ",TRUE(),IF((Base_Dados!$C$2:$C$500=$B12)*(Base_Dados!$A$2:$A$500="Semana (2ª a 6ª)")*(Base_Dados!$B$2:$B$500="Noite"),Base_Dados!$E$2:$E$500,""))} | J12: {=_xlfn.TEXTJOIN(", ",TRUE(),IF((Base_Dados!$C$2:$C$500=$B12)*(Base_Dados!$A$2:$A$500="Sábado"),Base_Dados!$E$2:$E$500&" ("&Base_Dados!$B$2:$B$500&")",""))} | K12: {=_xlfn.TEXTJOIN(", ",TRUE(),IF((Base_Dados!$C$2:$C$500=$B12)*(Base_Dados!$A$2:$A$500="Domingo"),Base_Dados!$E$2:$E$500&" ("&Base_Dados!$B$2:$B$500&")",""))} | L12: =COUNTIFS(Base_Dados!$C$2:$C$500,$B12,Base_Dados!$A$2:$A$500,"Semana (2ª a 6ª)") -> 0 | M12: =COUNTIF(Base_Dados!$C$2:$C$500,$B12) -> 0 | N12: =IF(M12=0,"Sem viatura atribuída",IF(L12=0,"Só ao fim de semana","OK")) -> Sem viatura atribuída
A13: Indiferenciados | B13: C9 | C13: PAP | D13: Balazar Longos Sande São Lourenço Santa Leocadia de Briteiros | E13: 2ª, 4ª & 6ª | G13: {=_xlfn.TEXTJOIN(", ",TRUE(),IF((Base_Dados!$C$2:$C$500=$B13)*(Base_Dados!$A$2:$A$500="Semana (2ª a 6ª)")*(Base_Dados!$B$2:$B$500="Manhã"),Base_Dados!$E$2:$E$500,""))} -> 49-GC-81 | H13: {=_xlfn.TEXTJOIN(", ",TRUE(),IF((Base_Dados!$C$2:$C$500=$B13)*(Base_Dados!$A$2:$A$500="Semana (2ª a 6ª)")*(Base_Dados!$B$2:$B$500="Tarde"),Base_Dados!$E$2:$E$500,""))} | I13: {=_xlfn.TEXTJOIN(", ",TRUE(),IF((Base_Dados!$C$2:$C$500=$B13)*(Base_Dados!$A$2:$A$500="Semana (2ª a 6ª)")*(Base_Dados!$B$2:$B$500="Noite"),Base_Dados!$E$2:$E$500,""))} | J13: {=_xlfn.TEXTJOIN(", ",TRUE(),IF((Base_Dados!$C$2:$C$500=$B13)*(Base_Dados!$A$2:$A$500="Sábado"),Base_Dados!$E$2:$E$500&" ("&Base_Dados!$B$2:$B$500&")",""))} -> 49-GC-81 (Manhã) | K13: {=_xlfn.TEXTJOIN(", ",TRUE(),IF((Base_Dados!$C$2:$C$500=$B13)*(Base_Dados!$A$2:$A$500="Domingo"),Base_Dados!$E$2:$E$500&" ("&Base_Dados!$B$2:$B$500&")",""))} | L13: =COUNTIFS(Base_Dados!$C$2:$C$500,$B13,Base_Dados!$A$2:$A$500,"Semana (2ª a 6ª)") -> 1 | M13: =COUNTIF(Base_Dados!$C$2:$C$500,$B13) -> 2 | N13: =IF(M13=0,"Sem viatura atribuída",IF(L13=0,"Só ao fim de semana","OK")) -> OK
A14: Indiferenciados | B14: C10 | C14: PAP | D14: Arosa Castelões Souto São Salvador Gondomar Souto Santa Maria | E14: 3ª, 5ª, & SAB. | G14: {=_xlfn.TEXTJOIN(", ",TRUE(),IF((Base_Dados!$C$2:$C$500=$B14)*(Base_Dados!$A$2:$A$500="Semana (2ª a 6ª)")*(Base_Dados!$B$2:$B$500="Manhã"),Base_Dados!$E$2:$E$500,""))} -> 49-GC-80 | H14: {=_xlfn.TEXTJOIN(", ",TRUE(),IF((Base_Dados!$C$2:$C$500=$B14)*(Base_Dados!$A$2:$A$500="Semana (2ª a 6ª)")*(Base_Dados!$B$2:$B$500="Tarde"),Base_Dados!$E$2:$E$500,""))} | I14: {=_xlfn.TEXTJOIN(", ",TRUE(),IF((Base_Dados!$C$2:$C$500=$B14)*(Base_Dados!$A$2:$A$500="Semana (2ª a 6ª)")*(Base_Dados!$B$2:$B$500="Noite"),Base_Dados!$E$2:$E$500,""))} | J14: {=_xlfn.TEXTJOIN(", ",TRUE(),IF((Base_Dados!$C$2:$C$500=$B14)*(Base_Dados!$A$2:$A$500="Sábado"),Base_Dados!$E$2:$E$500&" ("&Base_Dados!$B$2:$B$500&")",""))} -> 49-GC-80 (Manhã) | K14: {=_xlfn.TEXTJOIN(", ",TRUE(),IF((Base_Dados!$C$2:$C$500=$B14)*(Base_Dados!$A$2:$A$500="Domingo"),Base_Dados!$E$2:$E$500&" ("&Base_Dados!$B$2:$B$500&")",""))} | L14: =COUNTIFS(Base_Dados!$C$2:$C$500,$B14,Base_Dados!$A$2:$A$500,"Semana (2ª a 6ª)") -> 1 | M14: =COUNTIF(Base_Dados!$C$2:$C$500,$B14) -> 2 | N14: =IF(M14=0,"Sem viatura atribuída",IF(L14=0,"Só ao fim de semana","OK")) -> OK
A15: Indiferenciados | B15: C11 | C15: PAP | D15: Contentores Ponte ( 2º E 6º) Taipas Sande São Martinho São Salvador de Briteiros Nascional de Brito/taips Escolas Taipas Supermercado | E15: 2ª, 4ª, 6ª (manhã) 3ª, 5ª, SAB (tarde) | G15: {=_xlfn.TEXTJOIN(", ",TRUE(),IF((Base_Dados!$C$2:$C$500=$B15)*(Base_Dados!$A$2:$A$500="Semana (2ª a 6ª)")*(Base_Dados!$B$2:$B$500="Manhã"),Base_Dados!$E$2:$E$500,""))} -> 49-GC-80 | H15: {=_xlfn.TEXTJOIN(", ",TRUE(),IF((Base_Dados!$C$2:$C$500=$B15)*(Base_Dados!$A$2:$A$500="Semana (2ª a 6ª)")*(Base_Dados!$B$2:$B$500="Tarde"),Base_Dados!$E$2:$E$500,""))} | I15: {=_xlfn.TEXTJOIN(", ",TRUE(),IF((Base_Dados!$C$2:$C$500=$B15)*(Base_Dados!$A$2:$A$500="Semana (2ª a 6ª)")*(Base_Dados!$B$2:$B$500="Noite"),Base_Dados!$E$2:$E$500,""))} | J15: {=_xlfn.TEXTJOIN(", ",TRUE(),IF((Base_Dados!$C$2:$C$500=$B15)*(Base_Dados!$A$2:$A$500="Sábado"),Base_Dados!$E$2:$E$500&" ("&Base_Dados!$B$2:$B$500&")",""))} -> 49-GC-80 (Manhã) | K15: {=_xlfn.TEXTJOIN(", ",TRUE(),IF((Base_Dados!$C$2:$C$500=$B15)*(Base_Dados!$A$2:$A$500="Domingo"),Base_Dados!$E$2:$E$500&" ("&Base_Dados!$B$2:$B$500&")",""))} | L15: =COUNTIFS(Base_Dados!$C$2:$C$500,$B15,Base_Dados!$A$2:$A$500,"Semana (2ª a 6ª)") -> 1 | M15: =COUNTIF(Base_Dados!$C$2:$C$500,$B15) -> 2 | N15: =IF(M15=0,"Sem viatura atribuída",IF(L15=0,"Só ao fim de semana","OK")) -> OK
A16: Indiferenciados | B16: C12 | C16: PAP | D16: Santo Amaro Santiago Candoso Silvares | E16: 2ª, 4ª & 6ª | G16: {=_xlfn.TEXTJOIN(", ",TRUE(),IF((Base_Dados!$C$2:$C$500=$B16)*(Base_Dados!$A$2:$A$500="Semana (2ª a 6ª)")*(Base_Dados!$B$2:$B$500="Manhã"),Base_Dados!$E$2:$E$500,""))} | H16: {=_xlfn.TEXTJOIN(", ",TRUE(),IF((Base_Dados!$C$2:$C$500=$B16)*(Base_Dados!$A$2:$A$500="Semana (2ª a 6ª)")*(Base_Dados!$B$2:$B$500="Tarde"),Base_Dados!$E$2:$E$500,""))} | I16: {=_xlfn.TEXTJOIN(", ",TRUE(),IF((Base_Dados!$C$2:$C$500=$B16)*(Base_Dados!$A$2:$A$500="Semana (2ª a 6ª)")*(Base_Dados!$B$2:$B$500="Noite"),Base_Dados!$E$2:$E$500,""))} | J16: {=_xlfn.TEXTJOIN(", ",TRUE(),IF((Base_Dados!$C$2:$C$500=$B16)*(Base_Dados!$A$2:$A$500="Sábado"),Base_Dados!$E$2:$E$500&" ("&Base_Dados!$B$2:$B$500&")",""))} | K16: {=_xlfn.TEXTJOIN(", ",TRUE(),IF((Base_Dados!$C$2:$C$500=$B16)*(Base_Dados!$A$2:$A$500="Domingo"),Base_Dados!$E$2:$E$500&" ("&Base_Dados!$B$2:$B$500&")",""))} | L16: =COUNTIFS(Base_Dados!$C$2:$C$500,$B16,Base_Dados!$A$2:$A$500,"Semana (2ª a 6ª)") -> 0 | M16: =COUNTIF(Base_Dados!$C$2:$C$500,$B16) -> 0 | N16: =IF(M16=0,"Sem viatura atribuída",IF(L16=0,"Só ao fim de semana","OK")) -> Sem viatura atribuída
... A28: Indiferenciados | B28: C24 | C28: PAP | D28: Moreira de Conégos | E28: 3ª, 5ª & SAB | G28: {=_xlfn.TEXTJOIN(", ",TRUE(),IF((Base_Dados!$C$2:$C$500=$B28)*(Base_Dados!$A$2:$A$500="Semana (2ª a 6ª)")*(Base_Dados!$B$2:$B$500="Manhã"),Base_Dados!$E$2:$E$500,""))} | H28: {=_xlfn.TEXTJOIN(", ",TRUE(),IF((Base_Dados!$C$2:$C$500=$B28)*(Base_Dados!$A$2:$A$500="Semana (2ª a 6ª)")*(Base_Dados!$B$2:$B$500="Tarde"),Base_Dados!$E$2:$E$500,""))} | I28: {=_xlfn.TEXTJOIN(", ",TRUE(),IF((Base_Dados!$C$2:$C$500=$B28)*(Base_Dados!$A$2:$A$500="Semana (2ª a 6ª)")*(Base_Dados!$B$2:$B$500="Noite"),Base_Dados!$E$2:$E$500,""))} | J28: {=_xlfn.TEXTJOIN(", ",TRUE(),IF((Base_Dados!$C$2:$C$500=$B28)*(Base_Dados!$A$2:$A$500="Sábado"),Base_Dados!$E$2:$E$500&" ("&Base_Dados!$B$2:$B$500&")",""))} | K28: {=_xlfn.TEXTJOIN(", ",TRUE(),IF((Base_Dados!$C$2:$C$500=$B28)*(Base_Dados!$A$2:$A$500="Domingo"),Base_Dados!$E$2:$E$500&" ("&Base_Dados!$B$2:$B$500&")",""))} | L28: =COUNTIFS(Base_Dados!$C$2:$C$500,$B28,Base_Dados!$A$2:$A$500,"Semana (2ª a 6ª)") -> 0 | M28: =COUNTIF(Base_Dados!$C$2:$C$500,$B28) -> 0 | N28: =IF(M28=0,"Sem viatura atribuída",IF(L28=0,"Só ao fim de semana","OK")) -> Sem viatura atribuída

Sheet Recicláveis
A1: Circuitos · Recicláveis
A4: Tipologia | B4: Circuito | C4: Tipo de recolha | D4: Localidades | E4: Dias de recolha | F4: Cód. viatura (ficheiro circuitos) | G4: Semana · Manhã | H4: Semana · Tarde | I4: Semana · Noite | J4: Sábado | K4: Domingo | L4: Nº afetações (semana) | M4: Nº afetações (total) | N4: Estado | O4: Observação
A5: Recicláveis | B5: CARTÃO | G5: {=_xlfn.TEXTJOIN(", ",TRUE(),IF((Base_Dados!$C$2:$C$500=$B5)*(Base_Dados!$A$2:$A$500="Semana (2ª a 6ª)")*(Base_Dados!$B$2:$B$500="Manhã"),Base_Dados!$E$2:$E$500,""))} | H5: {=_xlfn.TEXTJOIN(", ",TRUE(),IF((Base_Dados!$C$2:$C$500=$B5)*(Base_Dados!$A$2:$A$500="Semana (2ª a 6ª)")*(Base_Dados!$B$2:$B$500="Tarde"),Base_Dados!$E$2:$E$500,""))} -> 24-ZZ-64 | I5: {=_xlfn.TEXTJOIN(", ",TRUE(),IF((Base_Dados!$C$2:$C$500=$B5)*(Base_Dados!$A$2:$A$500="Semana (2ª a 6ª)")*(Base_Dados!$B$2:$B$500="Noite"),Base_Dados!$E$2:$E$500,""))} | J5: {=_xlfn.TEXTJOIN(", ",TRUE(),IF((Base_Dados!$C$2:$C$500=$B5)*(Base_Dados!$A$2:$A$500="Sábado"),Base_Dados!$E$2:$E$500&" ("&Base_Dados!$B$2:$B$500&")",""))} -> 24-ZZ-64 (Tarde) | K5: {=_xlfn.TEXTJOIN(", ",TRUE(),IF((Base_Dados!$C$2:$C$500=$B5)*(Base_Dados!$A$2:$A$500="Domingo"),Base_Dados!$E$2:$E$500&" ("&Base_Dados!$B$2:$B$500&")",""))} | L5: =COUNTIFS(Base_Dados!$C$2:$C$500,$B5,Base_Dados!$A$2:$A$500,"Semana (2ª a 6ª)") -> 1 | M5: =COUNTIF(Base_Dados!$C$2:$C$500,$B5) -> 2 | N5: =IF(M5=0,"Sem viatura atribuída",IF(L5=0,"Só ao fim de semana","OK")) -> OK | O5: Não consta no ficheiro de circuitos.
A6: Recicláveis | B6: RECICLAGEM | G6: {=_xlfn.TEXTJOIN(", ",TRUE(),IF((Base_Dados!$C$2:$C$500=$B6)*(Base_Dados!$A$2:$A$500="Semana (2ª a 6ª)")*(Base_Dados!$B$2:$B$500="Manhã"),Base_Dados!$E$2:$E$500,""))} | H6: {=_xlfn.TEXTJOIN(", ",TRUE(),IF((Base_Dados!$C$2:$C$500=$B6)*(Base_Dados!$A$2:$A$500="Semana (2ª a 6ª)")*(Base_Dados!$B$2:$B$500="Tarde"),Base_Dados!$E$2:$E$500,""))} -> 75-ZQ-13 | I6: {=_xlfn.TEXTJOIN(", ",TRUE(),IF((Base_Dados!$C$2:$C$500=$B6)*(Base_Dados!$A$2:$A$500="Semana (2ª a 6ª)")*(Base_Dados!$B$2:$B$500="Noite"),Base_Dados!$E$2:$E$500,""))} | J6: {=_xlfn.TEXTJOIN(", ",TRUE(),IF((Base_Dados!$C$2:$C$500=$B6)*(Base_Dados!$A$2:$A$500="Sábado"),Base_Dados!$E$2:$E$500&" ("&Base_Dados!$B$2:$B$500&")",""))} -> 75-ZQ-13 (Tarde) | K6: {=_xlfn.TEXTJOIN(", ",TRUE(),IF((Base_Dados!$C$2:$C$500=$B6)*(Base_Dados!$A$2:$A$500="Domingo"),Base_Dados!$E$2:$E$500&" ("&Base_Dados!$B$2:$B$500&")",""))} | L6: =COUNTIFS(Base_Dados!$C$2:$C$500,$B6,Base_Dados!$A$2:$A$500,"Semana (2ª a 6ª)") -> 1 | M6: =COUNTIF(Base_Dados!$C$2:$C$500,$B6) -> 2 | N6: =IF(M6=0,"Sem viatura atribuída",IF(L6=0,"Só ao fim de semana","OK")) -> OK | O6: Não consta no ficheiro de circuitos.
A7: Recicláveis | B7: SELETIVO | G7: {=_xlfn.TEXTJOIN(", ",TRUE(),IF((Base_Dados!$C$2:$C$500=$B7)*(Base_Dados!$A$2:$A$500="Semana (2ª a 6ª)")*(Base_Dados!$B$2:$B$500="Manhã"),Base_Dados!$E$2:$E$500,""))} -> 65-RB-29 | H7: {=_xlfn.TEXTJOIN(", ",TRUE(),IF((Base_Dados!$C$2:$C$500=$B7)*(Base_Dados!$A$2:$A$500="Semana (2ª a 6ª)")*(Base_Dados!$B$2:$B$500="Tarde"),Base_Dados!$E$2:$E$500,""))} -> 47-LP-50, 75-ZQ-24 | I7: {=_xlfn.TEXTJOIN(", ",TRUE(),IF((Base_Dados!$C$2:$C$500=$B7)*(Base_Dados!$A$2:$A$500="Semana (2ª a 6ª)")*(Base_Dados!$B$2:$B$500="Noite"),Base_Dados!$E$2:$E$500,""))} | J7: {=_xlfn.TEXTJOIN(", ",TRUE(),IF((Base_Dados!$C$2:$C$500=$B7)*(Base_Dados!$A$2:$A$500="Sábado"),Base_Dados!$E$2:$E$500&" ("&Base_Dados!$B$2:$B$500&")",""))} -> 47-LP-50 (Tarde) | K7: {=_xlfn.TEXTJOIN(", ",TRUE(),IF((Base_Dados!$C$2:$C$500=$B7)*(Base_Dados!$A$2:$A$500="Domingo"),Base_Dados!$E$2:$E$500&" ("&Base_Dados!$B$2:$B$500&")",""))} | L7: =COUNTIFS(Base_Dados!$C$2:$C$500,$B7,Base_Dados!$A$2:$A$500,"Semana (2ª a 6ª)") -> 3 | M7: =COUNTIF(Base_Dados!$C$2:$C$500,$B7) -> 4 | N7: =IF(M7=0,"Sem viatura atribuída",IF(L7=0,"Só ao fim de semana","OK")) -> OK | O7: Não consta no ficheiro de circuitos.

Sheet Volumosos
A1: Circuitos · Volumosos (Monstros)
A4: Tipologia | B4: Circuito | C4: Tipo de recolha | D4: Localidades | E4: Dias de recolha | F4: Cód. viatura (ficheiro circuitos) | G4: Semana · Manhã | H4: Semana · Tarde | I4: Semana · Noite | J4: Sábado | K4: Domingo | L4: Nº afetações (semana) | M4: Nº afetações (total) | N4: Estado | O4: Observação
A5: Volumosos (Monstros) | B5: MONSTROS | G5: {=_xlfn.TEXTJOIN(", ",TRUE(),IF((Base_Dados!$C$2:$C$500=$B5)*(Base_Dados!$A$2:$A$500="Semana (2ª a 6ª)")*(Base_Dados!$B$2:$B$500="Manhã"),Base_Dados!$E$2:$E$500,""))} -> 60-45-XJ, 75-ZQ-24, 48-CQ-06, 75-ZQ-13 | H5: {=_xlfn.TEXTJOIN(", ",TRUE(),IF((Base_Dados!$C$2:$C$500=$B5)*(Base_Dados!$A$2:$A$500="Semana (2ª a 6ª)")*(Base_Dados!$B$2:$B$500="Tarde"),Base_Dados!$E$2:$E$500,""))} -> 48-CQ-06, 75-ZQ-24 | I5: {=_xlfn.TEXTJOIN(", ",TRUE(),IF((Base_Dados!$C$2:$C$500=$B5)*(Base_Dados!$A$2:$A$500="Semana (2ª a 6ª)")*(Base_Dados!$B$2:$B$500="Noite"),Base_Dados!$E$2:$E$500,""))} | J5: {=_xlfn.TEXTJOIN(", ",TRUE(),IF((Base_Dados!$C$2:$C$500=$B5)*(Base_Dados!$A$2:$A$500="Sábado"),Base_Dados!$E$2:$E$500&" ("&Base_Dados!$B$2:$B$500&")",""))} -> 60-45-XJ (Manhã), 75-ZQ-24 (Manhã), 48-CQ-06 (Manhã), 75-ZQ-24 (Tarde), 48-CQ-06 (Tarde) | K5: {=_xlfn.TEXTJOIN(", ",TRUE(),IF((Base_Dados!$C$2:$C$500=$B5)*(Base_Dados!$A$2:$A$500="Domingo"),Base_Dados!$E$2:$E$500&" ("&Base_Dados!$B$2:$B$500&")",""))} | L5: =COUNTIFS(Base_Dados!$C$2:$C$500,$B5,Base_Dados!$A$2:$A$500,"Semana (2ª a 6ª)") -> 6 | M5: =COUNTIF(Base_Dados!$C$2:$C$500,$B5) -> 11 | N5: =IF(M5=0,"Sem viatura atribuída",IF(L5=0,"Só ao fim de semana","OK")) -> OK | O5: Recolha de volumosos. Não consta no ficheiro de circuitos.

Sheet Outros serviços
A1: Circuitos · Outros serviços
A4: Tipologia | B4: Circuito | C4: Tipo de recolha | D4: Localidades | E4: Dias de recolha | F4: Cód. viatura (ficheiro circuitos) | G4: Semana · Manhã | H4: Semana · Tarde | I4: Semana · Noite | J4: Sábado | K4: Domingo | L4: Nº afetações (semana) | M4: Nº afetações (total) | N4: Estado | O4: Observação
A5: A confirmar | B5: 1A/1B | G5: {=_xlfn.TEXTJOIN(", ",TRUE(),IF((Base_Dados!$C$2:$C$500=$B5)*(Base_Dados!$A$2:$A$500="Semana (2ª a 6ª)")*(Base_Dados!$B$2:$B$500="Manhã"),Base_Dados!$E$2:$E$500,""))} -> 47-LP-50 | H5: {=_xlfn.TEXTJOIN(", ",TRUE(),IF((Base_Dados!$C$2:$C$500=$B5)*(Base_Dados!$A$2:$A$500="Semana (2ª a 6ª)")*(Base_Dados!$B$2:$B$500="Tarde"),Base_Dados!$E$2:$E$500,""))} | I5: {=_xlfn.TEXTJOIN(", ",TRUE(),IF((Base_Dados!$C$2:$C$500=$B5)*(Base_Dados!$A$2:$A$500="Semana (2ª a 6ª)")*(Base_Dados!$B$2:$B$500="Noite"),Base_Dados!$E$2:$E$500,""))} | J5: {=_xlfn.TEXTJOIN(", ",TRUE(),IF((Base_Dados!$C$2:$C$500=$B5)*(Base_Dados!$A$2:$A$500="Sábado"),Base_Dados!$E$2:$E$500&" ("&Base_Dados!$B$2:$B$500&")",""))} -> 47-LP-50 (Manhã) | K5: {=_xlfn.TEXTJOIN(", ",TRUE(),IF((Base_Dados!$C$2:$C$500=$B5)*(Base_Dados!$A$2:$A$500="Domingo"),Base_Dados!$E$2:$E$500&" ("&Base_Dados!$B$2:$B$500&")",""))} | L5: =COUNTIFS(Base_Dados!$C$2:$C$500,$B5,Base_Dados!$A$2:$A$500,"Semana (2ª a 6ª)") -> 1 | M5: =COUNTIF(Base_Dados!$C$2:$C$500,$B5) -> 2 | N5: =IF(M5=0,"Sem viatura atribuída",IF(L5=0,"Só ao fim de semana","OK")) -> OK | O5: Código "1 A/ 1B" não existe no ficheiro de circuitos. Confirmar.
A6: A confirmar | B6: C.H (Centro Histórico) | G6: {=_xlfn.TEXTJOIN(", ",TRUE(),IF((Base_Dados!$C$2:$C$500=$B6)*(Base_Dados!$A$2:$A$500="Semana (2ª a 6ª)")*(Base_Dados!$B$2:$B$500="Manhã"),Base_Dados!$E$2:$E$500,""))} | H6: {=_xlfn.TEXTJOIN(", ",TRUE(),IF((Base_Dados!$C$2:$C$500=$B6)*(Base_Dados!$A$2:$A$500="Semana (2ª a 6ª)")*(Base_Dados!$B$2:$B$500="Tarde"),Base_Dados!$E$2:$E$500,""))} | I6: {=_xlfn.TEXTJOIN(", ",TRUE(),IF((Base_Dados!$C$2:$C$500=$B6)*(Base_Dados!$A$2:$A$500="Semana (2ª a 6ª)")*(Base_Dados!$B$2:$B$500="Noite"),Base_Dados!$E$2:$E$500,""))} | J6: {=_xlfn.TEXTJOIN(", ",TRUE(),IF((Base_Dados!$C$2:$C$500=$B6)*(Base_Dados!$A$2:$A$500="Sábado"),Base_Dados!$E$2:$E$500&" ("&Base_Dados!$B$2:$B$500&")",""))} | K6: {=_xlfn.TEXTJOIN(", ",TRUE(),IF((Base_Dados!$C$2:$C$500=$B6)*(Base_Dados!$A$2:$A$500="Domingo"),Base_Dados!$E$2:$E$500&" ("&Base_Dados!$B$2:$B$500&")",""))} -> 58-PF-10 (Manhã) | L6: =COUNTIFS(Base_Dados!$C$2:$C$500,$B6,Base_Dados!$A$2:$A$500,"Semana (2ª a 6ª)") -> 0 | M6: =COUNTIF(Base_Dados!$C$2:$C$500,$B6) -> 1 | N6: =IF(M6=0,"Sem viatura atribuída",IF(L6=0,"Só ao fim de semana","OK")) -> Só ao fim de semana | O6: Escrito "C.H" no domingo. Pode ser BIO 1 (Centro histórico). Confirmar.
A7: Serviços de apoio | B7: CONTENTORES | G7: {=_xlfn.TEXTJOIN(", ",TRUE(),IF((Base_Dados!$C$2:$C$500=$B7)*(Base_Dados!$A$2:$A$500="Semana (2ª a 6ª)")*(Base_Dados!$B$2:$B$500="Manhã"),Base_Dados!$E$2:$E$500,""))} -> BZ-39-IV | H7: {=_xlfn.TEXTJOIN(", ",TRUE(),IF((Base_Dados!$C$2:$C$500=$B7)*(Base_Dados!$A$2:$A$500="Semana (2ª a 6ª)")*(Base_Dados!$B$2:$B$500="Tarde"),Base_Dados!$E$2:$E$500,""))} | I7: {=_xlfn.TEXTJOIN(", ",TRUE(),IF((Base_Dados!$C$2:$C$500=$B7)*(Base_Dados!$A$2:$A$500="Semana (2ª a 6ª)")*(Base_Dados!$B$2:$B$500="Noite"),Base_Dados!$E$2:$E$500,""))} | J7: {=_xlfn.TEXTJOIN(", ",TRUE(),IF((Base_Dados!$C$2:$C$500=$B7)*(Base_Dados!$A$2:$A$500="Sábado"),Base_Dados!$E$2:$E$500&" ("&Base_Dados!$B$2:$B$500&")",""))} -> BZ-39-IV (Manhã) | K7: {=_xlfn.TEXTJOIN(", ",TRUE(),IF((Base_Dados!$C$2:$C$500=$B7)*(Base_Dados!$A$2:$A$500="Domingo"),Base_Dados!$E$2:$E$500&" ("&Base_Dados!$B$2:$B$500&")",""))} | L7: =COUNTIFS(Base_Dados!$C$2:$C$500,$B7,Base_Dados!$A$2:$A$500,"Semana (2ª a 6ª)") -> 1 | M7: =COUNTIF(Base_Dados!$C$2:$C$500,$B7) -> 2 | N7: =IF(M7=0,"Sem viatura atribuída",IF(L7=0,"Só ao fim de semana","OK")) -> OK | O7: Serviço de apoio (colocação/reparação de contentores?). Confirmar.
A8: Serviços de apoio | B8: LAVAGEM CONTENTORES | G8: {=_xlfn.TEXTJOIN(", ",TRUE(),IF((Base_Dados!$C$2:$C$500=$B8)*(Base_Dados!$A$2:$A$500="Semana (2ª a 6ª)")*(Base_Dados!$B$2:$B$500="Manhã"),Base_Dados!$E$2:$E$500,""))} -> CA-05-PT | H8: {=_xlfn.TEXTJOIN(", ",TRUE(),IF((Base_Dados!$C$2:$C$500=$B8)*(Base_Dados!$A$2:$A$500="Semana (2ª a 6ª)")*(Base_Dados!$B$2:$B$500="Tarde"),Base_Dados!$E$2:$E$500,""))} -> CA-05-PT | I8: {=_xlfn.TEXTJOIN(", ",TRUE(),IF((Base_Dados!$C$2:$C$500=$B8)*(Base_Dados!$A$2:$A$500="Semana (2ª a 6ª)")*(Base_Dados!$B$2:$B$500="Noite"),Base_Dados!$E$2:$E$500,""))} | J8: {=_xlfn.TEXTJOIN(", ",TRUE(),IF((Base_Dados!$C$2:$C$500=$B8)*(Base_Dados!$A$2:$A$500="Sábado"),Base_Dados!$E$2:$E$500&" ("&Base_Dados!$B$2:$B$500&")",""))} | K8: {=_xlfn.TEXTJOIN(", ",TRUE(),IF((Base_Dados!$C$2:$C$500=$B8)*(Base_Dados!$A$2:$A$500="Domingo"),Base_Dados!$E$2:$E$500&" ("&Base_Dados!$B$2:$B$500&")",""))} | L8: =COUNTIFS(Base_Dados!$C$2:$C$500,$B8,Base_Dados!$A$2:$A$500,"Semana (2ª a 6ª)") -> 2 | M8: =COUNTIF(Base_Dados!$C$2:$C$500,$B8) -> 2 | N8: =IF(M8=0,"Sem viatura atribuída",IF(L8=0,"Só ao fim de semana","OK")) -> OK | O8: Escrito "LAVAGEM" e "LAVA-CONTENTORES" no planeamento.
A9: PAYT | B9: PAYT | G9: {=_xlfn.TEXTJOIN(", ",TRUE(),IF((Base_Dados!$C$2:$C$500=$B9)*(Base_Dados!$A$2:$A$500="Semana (2ª a 6ª)")*(Base_Dados!$B$2:$B$500="Manhã"),Base_Dados!$E$2:$E$500,""))} -> AT-98-PM | H9: {=_xlfn.TEXTJOIN(", ",TRUE(),IF((Base_Dados!$C$2:$C$500=$B9)*(Base_Dados!$A$2:$A$500="Semana (2ª a 6ª)")*(Base_Dados!$B$2:$B$500="Tarde"),Base_Dados!$E$2:$E$500,""))} -> AT-98-PM | I9: {=_xlfn.TEXTJOIN(", ",TRUE(),IF((Base_Dados!$C$2:$C$500=$B9)*(Base_Dados!$A$2:$A$500="Semana (2ª a 6ª)")*(Base_Dados!$B$2:$B$500="Noite"),Base_Dados!$E$2:$E$500,""))} -> AT-28-PM, 75-ZQ-13 | J9: {=_xlfn.TEXTJOIN(", ",TRUE(),IF((Base_Dados!$C$2:$C$500=$B9)*(Base_Dados!$A$2:$A$500="Sábado"),Base_Dados!$E$2:$E$500&" ("&Base_Dados!$B$2:$B$500&")",""))} -> AT-98-PM (Manhã), AT-98-PM (Tarde), AT-98-PM (Noite), 75-ZQ-13 (Noite) | K9: {=_xlfn.TEXTJOIN(", ",TRUE(),IF((Base_Dados!$C$2:$C$500=$B9)*(Base_Dados!$A$2:$A$500="Domingo"),Base_Dados!$E$2:$E$500&" ("&Base_Dados!$B$2:$B$500&")",""))} -> AN-50-LT (Manhã), AT-98-PM (Manhã), AT-98-PM (Tarde), AT-98-PM (Noite) | L9: =COUNTIFS(Base_Dados!$C$2:$C$500,$B9,Base_Dados!$A$2:$A$500,"Semana (2ª a 6ª)") -> 4 | M9: =COUNTIF(Base_Dados!$C$2:$C$500,$B9) -> 12 | N9: =IF(M9=0,"Sem viatura atribuída",IF(L9=0,"Só ao fim de semana","OK")) -> OK | O9: Pay-As-You-Throw (Centro Histórico, folha CHG). Não consta no ficheiro de circuitos.
A10: Sem afetação | B10: SEM CIRCUITO | G10: {=_xlfn.TEXTJOIN(", ",TRUE(),IF((Base_Dados!$C$2:$C$500=$B10)*(Base_Dados!$A$2:$A$500="Semana (2ª a 6ª)")*(Base_Dados!$B$2:$B$500="Manhã"),Base_Dados!$E$2:$E$500,""))} -> AJ-49-UO, 29-48-XU, 74-HN-36 | H10: {=_xlfn.TEXTJOIN(", ",TRUE(),IF((Base_Dados!$C$2:$C$500=$B10)*(Base_Dados!$A$2:$A$500="Semana (2ª a 6ª)")*(Base_Dados!$B$2:$B$500="Tarde"),Base_Dados!$E$2:$E$500,""))} | I10: {=_xlfn.TEXTJOIN(", ",TRUE(),IF((Base_Dados!$C$2:$C$500=$B10)*(Base_Dados!$A$2:$A$500="Semana (2ª a 6ª)")*(Base_Dados!$B$2:$B$500="Noite"),Base_Dados!$E$2:$E$500,""))} | J10: {=_xlfn.TEXTJOIN(", ",TRUE(),IF((Base_Dados!$C$2:$C$500=$B10)*(Base_Dados!$A$2:$A$500="Sábado"),Base_Dados!$E$2:$E$500&" ("&Base_Dados!$B$2:$B$500&")",""))} -> 65-RB-29 (Manhã), 29-48-XU (Manhã), 58-PF-10 (Manhã), AJ-49-UO (Manhã), 74-HN-36 (Manhã), 75-ZQ-13 (Manhã) | K10: {=_xlfn.TEXTJOIN(", ",TRUE(),IF((Base_Dados!$C$2:$C$500=$B10)*(Base_Dados!$A$2:$A$500="Domingo"),Base_Dados!$E$2:$E$500&" ("&Base_Dados!$B$2:$B$500&")",""))} -> 75-ZQ-24 (Manhã), 48-CQ-06 (Manhã) | L10: =COUNTIFS(Base_Dados!$C$2:$C$500,$B10,Base_Dados!$A$2:$A$500,"Semana (2ª a 6ª)") -> 3 | M10: =COUNTIF(Base_Dados!$C$2:$C$500,$B10) -> 11 | N10: — | O10: Viaturas listadas no planeamento sem circuito atribuído (reserva/oficina?).

Sheet Viaturas
A1: Viaturas · circuitos atribuídos por turno
A4: Matrícula | B4: Semana · Manhã | C4: Semana · Tarde | D4: Semana · Noite | E4: Sábado | F4: Domingo | G4: Turnos ocupados (semana) | H4: Afetações (total) | I4: Observação
A5: 24-ZZ-64 | B5: {=_xlfn.TEXTJOIN(", ",TRUE(),IF((Base_Dados!$E$2:$E$500=$A5)*(Base_Dados!$A$2:$A$500="Semana (2ª a 6ª)")*(Base_Dados!$B$2:$B$500="Manhã"),Base_Dados!$C$2:$C$500,""))} -> C6 | C5: {=_xlfn.TEXTJOIN(", ",TRUE(),IF((Base_Dados!$E$2:$E$500=$A5)*(Base_Dados!$A$2:$A$500="Semana (2ª a 6ª)")*(Base_Dados!$B$2:$B$500="Tarde"),Base_Dados!$C$2:$C$500,""))} -> CARTÃO | D5: {=_xlfn.TEXTJOIN(", ",TRUE(),IF((Base_Dados!$E$2:$E$500=$A5)*(Base_Dados!$A$2:$A$500="Semana (2ª a 6ª)")*(Base_Dados!$B$2:$B$500="Noite"),Base_Dados!$C$2:$C$500,""))} | E5: {=_xlfn.TEXTJOIN(", ",TRUE(),IF((Base_Dados!$E$2:$E$500=$A5)*(Base_Dados!$A$2:$A$500="Sábado"),Base_Dados!$C$2:$C$500&" ("&Base_Dados!$B$2:$B$500&")",""))} -> C6 (Manhã), CARTÃO (Tarde) | F5: {=_xlfn.TEXTJOIN(", ",TRUE(),IF((Base_Dados!$E$2:$E$500=$A5)*(Base_Dados!$A$2:$A$500="Domingo"),Base_Dados!$C$2:$C$500&" ("&Base_Dados!$B$2:$B$500&")",""))} | G5: =(COUNTIFS(Base_Dados!$E$2:$E$500,$A5,Base_Dados!$A$2:$A$500,"Semana (2ª a 6ª)",Base_Dados!$B$2:$B$500,"Manhã",Base_Dados!$C$2:$C$500,"<>SEM CIRCUITO")>0)+(COUNTIFS(Base_Dados!$E$2:$E$500,$A5,Base_Dados!$A$2:$A$500,"Semana (2ª a 6ª)",Base_Dados!$B$2:$B$500,"Tarde",Base_Dados!$C$2:$C$500,"<>SEM CIRCUITO")>0)+(COUNTIFS(Base_Dados!$E$2:$E$500,$A5,Base_Dados!$A$2:$A$500,"Semana (2ª a 6ª)",Base_Dados!$B$2:$B$500,"Noite",Base_Dados!$C$2:$C$500,"<>SEM CIRCUITO")>0) -> 2 | H5: =COUNTIFS(Base_Dados!$E$2:$E$500,$A5,Base_Dados!$C$2:$C$500,"<>SEM CIRCUITO") -> 4
A6: 29-20-ZN | B6: {=_xlfn.TEXTJOIN(", ",TRUE(),IF((Base_Dados!$E$2:$E$500=$A6)*(Base_Dados!$A$2:$A$500="Semana (2ª a 6ª)")*(Base_Dados!$B$2:$B$500="Manhã"),Base_Dados!$C$2:$C$500,""))} -> C16, C17 | C6: {=_xlfn.TEXTJOIN(", ",TRUE(),IF((Base_Dados!$E$2:$E$500=$A6)*(Base_Dados!$A$2:$A$500="Semana (2ª a 6ª)")*(Base_Dados!$B$2:$B$500="Tarde"),Base_Dados!$C$2:$C$500,""))} | D6: {=_xlfn.TEXTJOIN(", ",TRUE(),IF((Base_Dados!$E$2:$E$500=$A6)*(Base_Dados!$A$2:$A$500="Semana (2ª a 6ª)")*(Base_Dados!$B$2:$B$500="Noite"),Base_Dados!$C$2:$C$500,""))} | E6: {=_xlfn.TEXTJOIN(", ",TRUE(),IF((Base_Dados!$E$2:$E$500=$A6)*(Base_Dados!$A$2:$A$500="Sábado"),Base_Dados!$C$2:$C$500&" ("&Base_Dados!$B$2:$B$500&")",""))} -> C16 (Manhã), C17 (Manhã) | F6: {=_xlfn.TEXTJOIN(", ",TRUE(),IF((Base_Dados!$E$2:$E$500=$A6)*(Base_Dados!$A$2:$A$500="Domingo"),Base_Dados!$C$2:$C$500&" ("&Base_Dados!$B$2:$B$500&")",""))} | G6: =(COUNTIFS(Base_Dados!$E$2:$E$500,$A6,Base_Dados!$A$2:$A$500,"Semana (2ª a 6ª)",Base_Dados!$B$2:$B$500,"Manhã",Base_Dados!$C$2:$C$500,"<>SEM CIRCUITO")>0)+(COUNTIFS(Base_Dados!$E$2:$E$500,$A6,Base_Dados!$A$2:$A$500,"Semana (2ª a 6ª)",Base_Dados!$B$2:$B$500,"Tarde",Base_Dados!$C$2:$C$500,"<>SEM CIRCUITO")>0)+(COUNTIFS(Base_Dados!$E$2:$E$500,$A6,Base_Dados!$A$2:$A$500,"Semana (2ª a 6ª)",Base_Dados!$B$2:$B$500,"Noite",Base_Dados!$C$2:$C$500,"<>SEM CIRCUITO")>0) -> 1 | H6: =COUNTIFS(Base_Dados!$E$2:$E$500,$A6,Base_Dados!$C$2:$C$500,"<>SEM CIRCUITO") -> 4
A7: 29-48-XU | B7: {=_xlfn.TEXTJOIN(", ",TRUE(),IF((Base_Dados!$E$2:$E$500=$A7)*(Base_Dados!$A$2:$A$500="Semana (2ª a 6ª)")*(Base_Dados!$B$2:$B$500="Manhã"),Base_Dados!$C$2:$C$500,""))} -> SEM CIRCUITO | C7: {=_xlfn.TEXTJOIN(", ",TRUE(),IF((Base_Dados!$E$2:$E$500=$A7)*(Base_Dados!$A$2:$A$500="Semana (2ª a 6ª)")*(Base_Dados!$B$2:$B$500="Tarde"),Base_Dados!$C$2:$C$500,""))} | D7: {=_xlfn.TEXTJOIN(", ",TRUE(),IF((Base_Dados!$E$2:$E$500=$A7)*(Base_Dados!$A$2:$A$500="Semana (2ª a 6ª)")*(Base_Dados!$B$2:$B$500="Noite"),Base_Dados!$C$2:$C$500,""))} | E7: {=_xlfn.TEXTJOIN(", ",TRUE(),IF((Base_Dados!$E$2:$E$500=$A7)*(Base_Dados!$A$2:$A$500="Sábado"),Base_Dados!$C$2:$C$500&" ("&Base_Dados!$B$2:$B$500&")",""))} -> SEM CIRCUITO (Manhã) | F7: {=_xlfn.TEXTJOIN(", ",TRUE(),IF((Base_Dados!$E$2:$E$500=$A7)*(Base_Dados!$A$2:$A$500="Domingo"),Base_Dados!$C$2:$C$500&" ("&Base_Dados!$B$2:$B$500&")",""))} | G7: =(COUNTIFS(Base_Dados!$E$2:$E$500,$A7,Base_Dados!$A$2:$A$500,"Semana (2ª a 6ª)",Base_Dados!$B$2:$B$500,"Manhã",Base_Dados!$C$2:$C$500,"<>SEM CIRCUITO")>0)+(COUNTIFS(Base_Dados!$E$2:$E$500,$A7,Base_Dados!$A$2:$A$500,"Semana (2ª a 6ª)",Base_Dados!$B$2:$B$500,"Tarde",Base_Dados!$C$2:$C$500,"<>SEM CIRCUITO")>0)+(COUNTIFS(Base_Dados!$E$2:$E$500,$A7,Base_Dados!$A$2:$A$500,"Semana (2ª a 6ª)",Base_Dados!$B$2:$B$500,"Noite",Base_Dados!$C$2:$C$500,"<>SEM CIRCUITO")>0) -> 0 | H7: =COUNTIFS(Base_Dados!$E$2:$E$500,$A7,Base_Dados!$C$2:$C$500,"<>SEM CIRCUITO") -> 0 | I7: Nunca tem circuito atribuído.
A8: 47-LP-50 | B8: {=_xlfn.TEXTJOIN(", ",TRUE(),IF((Base_Dados!$E$2:$E$500=$A8)*(Base_Dados!$A$2:$A$500="Semana (2ª a 6ª)")*(Base_Dados!$B$2:$B$500="Manhã"),Base_Dados!$C$2:$C$500,""))} -> 1A/1B | C8: {=_xlfn.TEXTJOIN(", ",TRUE(),IF((Base_Dados!$E$2:$E$500=$A8)*(Base_Dados!$A$2:$A$500="Semana (2ª a 6ª)")*(Base_Dados!$B$2:$B$500="Tarde"),Base_Dados!$C$2:$C$500,""))} -> SELETIVO | D8: {=_xlfn.TEXTJOIN(", ",TRUE(),IF((Base_Dados!$E$2:$E$500=$A8)*(Base_Dados!$A$2:$A$500="Semana (2ª a 6ª)")*(Base_Dados!$B$2:$B$500="Noite"),Base_Dados!$C$2:$C$500,""))} | E8: {=_xlfn.TEXTJOIN(", ",TRUE(),IF((Base_Dados!$E$2:$E$500=$A8)*(Base_Dados!$A$2:$A$500="Sábado"),Base_Dados!$C$2:$C$500&" ("&Base_Dados!$B$2:$B$500&")",""))} -> 1A/1B (Manhã), SELETIVO (Tarde) | F8: {=_xlfn.TEXTJOIN(", ",TRUE(),IF((Base_Dados!$E$2:$E$500=$A8)*(Base_Dados!$A$2:$A$500="Domingo"),Base_Dados!$C$2:$C$500&" ("&Base_Dados!$B$2:$B$500&")",""))} | G8: =(COUNTIFS(Base_Dados!$E$2:$E$500,$A8,Base_Dados!$A$2:$A$500,"Semana (2ª a 6ª)",Base_Dados!$B$2:$B$500,"Manhã",Base_Dados!$C$2:$C$500,"<>SEM CIRCUITO")>0)+(COUNTIFS(Base_Dados!$E$2:$E$500,$A8,Base_Dados!$A$2:$A$500,"Semana (2ª a 6ª)",Base_Dados!$B$2:$B$500,"Tarde",Base_Dados!$C$2:$C$500,"<>SEM CIRCUITO")>0)+(COUNTIFS(Base_Dados!$E$2:$E$500,$A8,Base_Dados!$A$2:$A$500,"Semana (2ª a 6ª)",Base_Dados!$B$2:$B$500,"Noite",Base_Dados!$C$2:$C$500,"<>SEM CIRCUITO")>0) -> 2 | H8: =COUNTIFS(Base_Dados!$E$2:$E$500,$A8,Base_Dados!$C$2:$C$500,"<>SEM CIRCUITO") -> 4
A9: 48-CQ-06 | B9: {=_xlfn.TEXTJOIN(", ",TRUE(),IF((Base_Dados!$E$2:$E$500=$A9)*(Base_Dados!$A$2:$A$500="Semana (2ª a 6ª)")*(Base_Dados!$B$2:$B$500="Manhã"),Base_Dados!$C$2:$C$500,""))} -> MONSTROS | C9: {=_xlfn.TEXTJOIN(", ",TRUE(),IF((Base_Dados!$E$2:$E$500=$A9)*(Base_Dados!$A$2:$A$500="Semana (2ª a 6ª)")*(Base_Dados!$B$2:$B$500="Tarde"),Base_Dados!$C$2:$C$500,""))} -> MONSTROS | D9: {=_xlfn.TEXTJOIN(", ",TRUE(),IF((Base_Dados!$E$2:$E$500=$A9)*(Base_Dados!$A$2:$A$500="Semana (2ª a 6ª)")*(Base_Dados!$B$2:$B$500="Noite"),Base_Dados!$C$2:$C$500,""))} | E9: {=_xlfn.TEXTJOIN(", ",TRUE(),IF((Base_Dados!$E$2:$E$500=$A9)*(Base_Dados!$A$2:$A$500="Sábado"),Base_Dados!$C$2:$C$500&" ("&Base_Dados!$B$2:$B$500&")",""))} -> MONSTROS (Manhã), MONSTROS (Tarde) | F9: {=_xlfn.TEXTJOIN(", ",TRUE(),IF((Base_Dados!$E$2:$E$500=$A9)*(Base_Dados!$A$2:$A$500="Domingo"),Base_Dados!$C$2:$C$500&" ("&Base_Dados!$B$2:$B$500&")",""))} -> SEM CIRCUITO (Manhã) | G9: =(COUNTIFS(Base_Dados!$E$2:$E$500,$A9,Base_Dados!$A$2:$A$500,"Semana (2ª a 6ª)",Base_Dados!$B$2:$B$500,"Manhã",Base_Dados!$C$2:$C$500,"<>SEM CIRCUITO")>0)+(COUNTIFS(Base_Dados!$E$2:$E$500,$A9,Base_Dados!$A$2:$A$500,"Semana (2ª a 6ª)",Base_Dados!$B$2:$B$500,"Tarde",Base_Dados!$C$2:$C$500,"<>SEM CIRCUITO")>0)+(COUNTIFS(Base_Dados!$E$2:$E$500,$A9,Base_Dados!$A$2:$A$500,"Semana (2ª a 6ª)",Base_Dados!$B$2:$B$500,"Noite",Base_Dados!$C$2:$C$500,"<>SEM CIRCUITO")>0) -> 2 | H9: =COUNTIFS(Base_Dados!$E$2:$E$500,$A9,Base_Dados!$C$2:$C$500,"<>SEM CIRCUITO") -> 4
A10: 49-GC-79 | B10: {=_xlfn.TEXTJOIN(", ",TRUE(),IF((Base_Dados!$E$2:$E$500=$A10)*(Base_Dados!$A$2:$A$500="Semana (2ª a 6ª)")*(Base_Dados!$B$2:$B$500="Manhã"),Base_Dados!$C$2:$C$500,""))} -> C18, C19 | C10: {=_xlfn.TEXTJOIN(", ",TRUE(),IF((Base_Dados!$E$2:$E$500=$A10)*(Base_Dados!$A$2:$A$500="Semana (2ª a 6ª)")*(Base_Dados!$B$2:$B$500="Tarde"),Base_Dados!$C$2:$C$500,""))} | D10: {=_xlfn.TEXTJOIN(", ",TRUE(),IF((Base_Dados!$E$2:$E$500=$A10)*(Base_Dados!$A$2:$A$500="Semana (2ª a 6ª)")*(Base_Dados!$B$2:$B$500="Noite"),Base_Dados!$C$2:$C$500,""))} | E10: {=_xlfn.TEXTJOIN(", ",TRUE(),IF((Base_Dados!$E$2:$E$500=$A10)*(Base_Dados!$A$2:$A$500="Sábado"),Base_Dados!$C$2:$C$500&" ("&Base_Dados!$B$2:$B$500&")",""))} -> C18 (Manhã), C19 (Manhã) | F10: {=_xlfn.TEXTJOIN(", ",TRUE(),IF((Base_Dados!$E$2:$E$500=$A10)*(Base_Dados!$A$2:$A$500="Domingo"),Base_Dados!$C$2:$C$500&" ("&Base_Dados!$B$2:$B$500&")",""))} | G10: =(COUNTIFS(Base_Dados!$E$2:$E$500,$A10,Base_Dados!$A$2:$A$500,"Semana (2ª a 6ª)",Base_Dados!$B$2:$B$500,"Manhã",Base_Dados!$C$2:$C$500,"<>SEM CIRCUITO")>0)+(COUNTIFS(Base_Dados!$E$2:$E$500,$A10,Base_Dados!$A$2:$A$500,"Semana (2ª a 6ª)",Base_Dados!$B$2:$B$500,"Tarde",Base_Dados!$C$2:$C$500,"<>SEM CIRCUITO")>0)+(COUNTIFS(Base_Dados!$E$2:$E$500,$A10,Base_Dados!$A$2:$A$500,"Semana (2ª a 6ª)",Base_Dados!$B$2:$B$500,"Noite",Base_Dados!$C$2:$C$500,"<>SEM CIRCUITO")>0) -> 1 | H10: =COUNTIFS(Base_Dados!$E$2:$E$500,$A10,Base_Dados!$C$2:$C$500,"<>SEM CIRCUITO") -> 4
A11: 49-GC-80 | B11: {=_xlfn.TEXTJOIN(", ",TRUE(),IF((Base_Dados!$E$2:$E$500=$A11)*(Base_Dados!$A$2:$A$500="Semana (2ª a 6ª)")*(Base_Dados!$B$2:$B$500="Manhã"),Base_Dados!$C$2:$C$500,""))} -> C10, C11 | C11: {=_xlfn.TEXTJOIN(", ",TRUE(),IF((Base_Dados!$E$2:$E$500=$A11)*(Base_Dados!$A$2:$A$500="Semana (2ª a 6ª)")*(Base_Dados!$B$2:$B$500="Tarde"),Base_Dados!$C$2:$C$500,""))} | D11: {=_xlfn.TEXTJOIN(", ",TRUE(),IF((Base_Dados!$E$2:$E$500=$A11)*(Base_Dados!$A$2:$A$500="Semana (2ª a 6ª)")*(Base_Dados!$B$2:$B$500="Noite"),Base_Dados!$C$2:$C$500,""))} | E11: {=_xlfn.TEXTJOIN(", ",TRUE(),IF((Base_Dados!$E$2:$E$500=$A11)*(Base_Dados!$A$2:$A$500="Sábado"),Base_Dados!$C$2:$C$500&" ("&Base_Dados!$B$2:$B$500&")",""))} -> C10 (Manhã), C11 (Manhã) | F11: {=_xlfn.TEXTJOIN(", ",TRUE(),IF((Base_Dados!$E$2:$E$500=$A11)*(Base_Dados!$A$2:$A$500="Domingo"),Base_Dados!$C$2:$C$500&" ("&Base_Dados!$B$2:$B$500&")",""))} | G11: =(COUNTIFS(Base_Dados!$E$2:$E$500,$A11,Base_Dados!$A$2:$A$500,"Semana (2ª a 6ª)",Base_Dados!$B$2:$B$500,"Manhã",Base_Dados!$C$2:$C$500,"<>SEM CIRCUITO")>0)+(COUNTIFS(Base_Dados!$E$2:$E$500,$A11,Base_Dados!$A$2:$A$500,"Semana (2ª a 6ª)",Base_Dados!$B$2:$B$500,"Tarde",Base_Dados!$C$2:$C$500,"<>SEM CIRCUITO")>0)+(COUNTIFS(Base_Dados!$E$2:$E$500,$A11,Base_Dados!$A$2:$A$500,"Semana (2ª a 6ª)",Base_Dados!$B$2:$B$500,"Noite",Base_Dados!$C$2:$C$500,"<>SEM CIRCUITO")>0) -> 1 | H11: =COUNTIFS(Base_Dados!$E$2:$E$500,$A11,Base_Dados!$C$2:$C$500,"<>SEM CIRCUITO") -> 4
A12: 49-GC-81 | B12: {=_xlfn.TEXTJOIN(", ",TRUE(),IF((Base_Dados!$E$2:$E$500=$A12)*(Base_Dados!$A$2:$A$500="Semana (2ª a 6ª)")*(Base_Dados!$B$2:$B$500="Manhã"),Base_Dados!$C$2:$C$500,""))} -> C9 | C12: {=_xlfn.TEXTJOIN(", ",TRUE(),IF((Base_Dados!$E$2:$E$500=$A12)*(Base_Dados!$A$2:$A$500="Semana (2ª a 6ª)")*(Base_Dados!$B$2:$B$500="Tarde"),Base_Dados!$C$2:$C$500,""))} | D12: {=_xlfn.TEXTJOIN(", ",TRUE(),IF((Base_Dados!$E$2:$E$500=$A12)*(Base_Dados!$A$2:$A$500="Semana (2ª a 6ª)")*(Base_Dados!$B$2:$B$500="Noite"),Base_Dados!$C$2:$C$500,""))} | E12: {=_xlfn.TEXTJOIN(", ",TRUE(),IF((Base_Dados!$E$2:$E$500=$A12)*(Base_Dados!$A$2:$A$500="Sábado"),Base_Dados!$C$2:$C$500&" ("&Base_Dados!$B$2:$B$500&")",""))} -> C9 (Manhã) | F12: {=_xlfn.TEXTJOIN(", ",TRUE(),IF((Base_Dados!$E$2:$E$500=$A12)*(Base_Dados!$A$2:$A$500="Domingo"),Base_Dados!$C$2:$C$500&" ("&Base_Dados!$B$2:$B$500&")",""))} | G12: =(COUNTIFS(Base_Dados!$E$2:$E$500,$A12,Base_Dados!$A$2:$A$500,"Semana (2ª a 6ª)",Base_Dados!$B$2:$B$500,"Manhã",Base_Dados!$C$2:$C$500,"<>SEM CIRCUITO")>0)+(COUNTIFS(Base_Dados!$E$2:$E$500,$A12,Base_Dados!$A$2:$A$500,"Semana (2ª a 6ª)",Base_Dados!$B$2:$B$500,"Tarde",Base_Dados!$C$2:$C$500,"<>SEM CIRCUITO")>0)+(COUNTIFS(Base_Dados!$E$2:$E$500,$A12,Base_Dados!$A$2:$A$500,"Semana (2ª a 6ª)",Base_Dados!$B$2:$B$500,"Noite",Base_Dados!$C$2:$C$500,"<>SEM CIRCUITO")>0) -> 1 | H12: =COUNTIFS(Base_Dados!$E$2:$E$500,$A12,Base_Dados!$C$2:$C$500,"<>SEM CIRCUITO") -> 2
A13: 58-PF-10 | B13: {=_xlfn.TEXTJOIN(", ",TRUE(),IF((Base_Dados!$E$2:$E$500=$A13)*(Base_Dados!$A$2:$A$500="Semana (2ª a 6ª)")*(Base_Dados!$B$2:$B$500="Manhã"),Base_Dados!$C$2:$C$500,""))} -> BIO (s/ nº) | C13: {=_xlfn.TEXTJOIN(", ",TRUE(),IF((Base_Dados!$E$2:$E$500=$A13)*(Base_Dados!$A$2:$A$500="Semana (2ª a 6ª)")*(Base_Dados!$B$2:$B$500="Tarde"),Base_Dados!$C$2:$C$500,""))} | D13: {=_xlfn.TEXTJOIN(", ",TRUE(),IF((Base_Dados!$E$2:$E$500=$A13)*(Base_Dados!$A$2:$A$500="Semana (2ª a 6ª)")*(Base_Dados!$B$2:$B$500="Noite"),Base_Dados!$C$2:$C$500,""))} | E13: {=_xlfn.TEXTJOIN(", ",TRUE(),IF((Base_Dados!$E$2:$E$500=$A13)*(Base_Dados!$A$2:$A$500="Sábado"),Base_Dados!$C$2:$C$500&" ("&Base_Dados!$B$2:$B$500&")",""))} -> SEM CIRCUITO (Manhã) | F13: {=_xlfn.TEXTJOIN(", ",TRUE(),IF((Base_Dados!$E$2:$E$500=$A13)*(Base_Dados!$A$2:$A$500="Domingo"),Base_Dados!$C$2:$C$500&" ("&Base_Dados!$B$2:$B$500&")",""))} -> C.H (Centro Histórico) (Manhã) | G13: =(COUNTIFS(Base_Dados!$E$2:$E$500,$A13,Base_Dados!$A$2:$A$500,"Semana (2ª a 6ª)",Base_Dados!$B$2:$B$500,"Manhã",Base_Dados!$C$2:$C$500,"<>SEM CIRCUITO")>0)+(COUNTIFS(Base_Dados!$E$2:$E$500,$A13,Base_Dados!$A$2:$A$500,"Semana (2ª a 6ª)",Base_Dados!$B$2:$B$500,"Tarde",Base_Dados!$C$2:$C$500,"<>SEM CIRCUITO")>0)+(COUNTIFS(Base_Dados!$E$2:$E$500,$A13,Base_Dados!$A$2:$A$500,"Semana (2ª a 6ª)",Base_Dados!$B$2:$B$500,"Noite",Base_Dados!$C$2:$C$500,"<>SEM CIRCUITO")>0) -> 1 | H13: =COUNTIFS(Base_Dados!$E$2:$E$500,$A13,Base_Dados!$C$2:$C$500,"<>SEM CIRCUITO") -> 2
A14: 60-45-XJ | B14: {=_xlfn.TEXTJOIN(", ",TRUE(),IF((Base_Dados!$E$2:$E$500=$A14)*(Base_Dados!$A$2:$A$500="Semana (2ª a 6ª)")*(Base_Dados!$B$2:$B$500="Manhã"),Base_Dados!$C$2:$C$500,""))} -> MONSTROS | C14: {=_xlfn.TEXTJOIN(", ",TRUE(),IF((Base_Dados!$E$2:$E$500=$A14)*(Base_Dados!$A$2:$A$500="Semana (2ª a 6ª)")*(Base_Dados!$B$2:$B$500="Tarde"),Base_Dados!$C$2:$C$500,""))} | D14: {=_xlfn.TEXTJOIN(", ",TRUE(),IF((Base_Dados!$E$2:$E$500=$A14)*(Base_Dados!$A$2:$A$500="Semana (2ª a 6ª)")*(Base_Dados!$B$2:$B$500="Noite"),Base_Dados!$C$2:$C$500,""))} | E14: {=_xlfn.TEXTJOIN(", ",TRUE(),IF((Base_Dados!$E$2:$E$500=$A14)*(Base_Dados!$A$2:$A$500="Sábado"),Base_Dados!$C$2:$C$500&" ("&Base_Dados!$B$2:$B$500&")",""))} -> MONSTROS (Manhã) | F14: {=_xlfn.TEXTJOIN(", ",TRUE(),IF((Base_Dados!$E$2:$E$500=$A14)*(Base_Dados!$A$2:$A$500="Domingo"),Base_Dados!$C$2:$C$500&" ("&Base_Dados!$B$2:$B$500&")",""))} | G14: =(COUNTIFS(Base_Dados!$E$2:$E$500,$A14,Base_Dados!$A$2:$A$500,"Semana (2ª a 6ª)",Base_Dados!$B$2:$B$500,"Manhã",Base_Dados!$C$2:$C$500,"<>SEM CIRCUITO")>0)+(COUNTIFS(Base_Dados!$E$2:$E$500,$A14,Base_Dados!$A$2:$A$500,"Semana (2ª a 6ª)",Base_Dados!$B$2:$B$500,"Tarde",Base_Dados!$C$2:$C$500,"<>SEM CIRCUITO")>0)+(COUNTIFS(Base_Dados!$E$2:$E$500,$A14,Base_Dados!$A$2:$A$500,"Semana (2ª a 6ª)",Base_Dados!$B$2:$B$500,"Noite",Base_Dados!$C$2:$C$500,"<>SEM CIRCUITO")>0) -> 1 | H14: =COUNTIFS(Base_Dados!$E$2:$E$500,$A14,Base_Dados!$C$2:$C$500,"<>SEM CIRCUITO") -> 2
A15: 60-93-ZG | B15: {=_xlfn.TEXTJOIN(", ",TRUE(),IF((Base_Dados!$E$2:$E$500=$A15)*(Base_Dados!$A$2:$A$500="Semana (2ª a 6ª)")*(Base_Dados!$B$2:$B$500="Manhã"),Base_Dados!$C$2:$C$500,""))} -> BIO 3, C7 | C15: {=_xlfn.TEXTJOIN(", ",TRUE(),IF((Base_Dados!$E$2:$E$500=$A15)*(Base_Dados!$A$2:$A$500="Semana (2ª a 6ª)")*(Base_Dados!$B$2:$B$500="Tarde"),Base_Dados!$C$2:$C$500,""))} | D15: {=_xlfn.TEXTJOIN(", ",TRUE(),IF((Base_Dados!$E$2:$E$500=$A15)*(Base_Dados!$A$2:$A$500="Semana (2ª a 6ª)")*(Base_Dados!$B$2:$B$500="Noite"),Base_Dados!$C$2:$C$500,""))} | E15: {=_xlfn.TEXTJOIN(", ",TRUE(),IF((Base_Dados!$E$2:$E$500=$A15)*(Base_Dados!$A$2:$A$500="Sábado"),Base_Dados!$C$2:$C$500&" ("&Base_Dados!$B$2:$B$500&")",""))} -> BIO 3 (Manhã), C7 (Manhã) | F15: {=_xlfn.TEXTJOIN(", ",TRUE(),IF((Base_Dados!$E$2:$E$500=$A15)*(Base_Dados!$A$2:$A$500="Domingo"),Base_Dados!$C$2:$C$500&" ("&Base_Dados!$B$2:$B$500&")",""))} | G15: =(COUNTIFS(Base_Dados!$E$2:$E$500,$A15,Base_Dados!$A$2:$A$500,"Semana (2ª a 6ª)",Base_Dados!$B$2:$B$500,"Manhã",Base_Dados!$C$2:$C$500,"<>SEM CIRCUITO")>0)+(COUNTIFS(Base_Dados!$E$2:$E$500,$A15,Base_Dados!$A$2:$A$500,"Semana (2ª a 6ª)",Base_Dados!$B$2:$B$500,"Tarde",Base_Dados!$C$2:$C$500,"<>SEM CIRCUITO")>0)+(COUNTIFS(Base_Dados!$E$2:$E$500,$A15,Base_Dados!$A$2:$A$500,"Semana (2ª a 6ª)",Base_Dados!$B$2:$B$500,"Noite",Base_Dados!$C$2:$C$500,"<>SEM CIRCUITO")>0) -> 1 | H15: =COUNTIFS(Base_Dados!$E$2:$E$500,$A15,Base_Dados!$C$2:$C$500,"<>SEM CIRCUITO") -> 4
A16: 65-RB-29 | B16: {=_xlfn.TEXTJOIN(", ",TRUE(),IF((Base_Dados!$E$2:$E$500=$A16)*(Base_Dados!$A$2:$A$500="Semana (2ª a 6ª)")*(Base_Dados!$B$2:$B$500="Manhã"),Base_Dados!$C$2:$C$500,""))} -> SELETIVO | C16: {=_xlfn.TEXTJOIN(", ",TRUE(),IF((Base_Dados!$E$2:$E$500=$A16)*(Base_Dados!$A$2:$A$500="Semana (2ª a 6ª)")*(Base_Dados!$B$2:$B$500="Tarde"),Base_Dados!$C$2:$C$500,""))} | D16: {=_xlfn.TEXTJOIN(", ",TRUE(),IF((Base_Dados!$E$2:$E$500=$A16)*(Base_Dados!$A$2:$A$500="Semana (2ª a 6ª)")*(Base_Dados!$B$2:$B$500="Noite"),Base_Dados!$C$2:$C$500,""))} | E16: {=_xlfn.TEXTJOIN(", ",TRUE(),IF((Base_Dados!$E$2:$E$500=$A16)*(Base_Dados!$A$2:$A$500="Sábado"),Base_Dados!$C$2:$C$500&" ("&Base_Dados!$B$2:$B$500&")",""))} -> C1 (Manhã), SEM CIRCUITO (Manhã) | F16: {=_xlfn.TEXTJOIN(", ",TRUE(),IF((Base_Dados!$E$2:$E$500=$A16)*(Base_Dados!$A$2:$A$500="Domingo"),Base_Dados!$C$2:$C$500&" ("&Base_Dados!$B$2:$B$500&")",""))} | G16: =(COUNTIFS(Base_Dados!$E$2:$E$500,$A16,Base_Dados!$A$2:$A$500,"Semana (2ª a 6ª)",Base_Dados!$B$2:$B$500,"Manhã",Base_Dados!$C$2:$C$500,"<>SEM CIRCUITO")>0)+(COUNTIFS(Base_Dados!$E$2:$E$500,$A16,Base_Dados!$A$2:$A$500,"Semana (2ª a 6ª)",Base_Dados!$B$2:$B$500,"Tarde",Base_Dados!$C$2:$C$500,"<>SEM CIRCUITO")>0)+(COUNTIFS(Base_Dados!$E$2:$E$500,$A16,Base_Dados!$A$2:$A$500,"Semana (2ª a 6ª)",Base_Dados!$B$2:$B$500,"Noite",Base_Dados!$C$2:$C$500,"<>SEM CIRCUITO")>0) -> 1 | H16: =COUNTIFS(Base_Dados!$E$2:$E$500,$A16,Base_Dados!$C$2:$C$500,"<>SEM CIRCUITO") -> 2 | I16: Sábado manhã: aparece em 2 linhas (C1 e sem circuito).
A17: 69-TJ-24 | B17: {=_xlfn.TEXTJOIN(", ",TRUE(),IF((Base_Dados!$E$2:$E$500=$A17)*(Base_Dados!$A$2:$A$500="Semana (2ª a 6ª)")*(Base_Dados!$B$2:$B$500="Manhã"),Base_Dados!$C$2:$C$500,""))} -> C1 | C17: {=_xlfn.TEXTJOIN(", ",TRUE(),IF((Base_Dados!$E$2:$E$500=$A17)*(Base_Dados!$A$2:$A$500="Semana (2ª a 6ª)")*(Base_Dados!$B$2:$B$500="Tarde"),Base_Dados!$C$2:$C$500,""))} -> C4 | D17: {=_xlfn.TEXTJOIN(", ",TRUE(),IF((Base_Dados!$E$2:$E$500=$A17)*(Base_Dados!$A$2:$A$500="Semana (2ª a 6ª)")*(Base_Dados!$B$2:$B$500="Noite"),Base_Dados!$C$2:$C$500,""))} | E17: {=_xlfn.TEXTJOIN(", ",TRUE(),IF((Base_Dados!$E$2:$E$500=$A17)*(Base_Dados!$A$2:$A$500="Sábado"),Base_Dados!$C$2:$C$500&" ("&Base_Dados!$B$2:$B$500&")",""))} -> C4 (Tarde) | F17: {=_xlfn.TEXTJOIN(", ",TRUE(),IF((Base_Dados!$E$2:$E$500=$A17)*(Base_Dados!$A$2:$A$500="Domingo"),Base_Dados!$C$2:$C$500&" ("&Base_Dados!$B$2:$B$500&")",""))} | G17: =(COUNTIFS(Base_Dados!$E$2:$E$500,$A17,Base_Dados!$A$2:$A$500,"Semana (2ª a 6ª)",Base_Dados!$B$2:$B$500,"Manhã",Base_Dados!$C$2:$C$500,"<>SEM CIRCUITO")>0)+(COUNTIFS(Base_Dados!$E$2:$E$500,$A17,Base_Dados!$A$2:$A$500,"Semana (2ª a 6ª)",Base_Dados!$B$2:$B$500,"Tarde",Base_Dados!$C$2:$C$500,"<>SEM CIRCUITO")>0)+(COUNTIFS(Base_Dados!$E$2:$E$500,$A17,Base_Dados!$A$2:$A$500,"Semana (2ª a 6ª)",Base_Dados!$B$2:$B$500,"Noite",Base_Dados!$C$2:$C$500,"<>SEM CIRCUITO")>0) -> 2 | H17: =COUNTIFS(Base_Dados!$E$2:$E$500,$A17,Base_Dados!$C$2:$C$500,"<>SEM CIRCUITO") -> 3
A18: 74-HN-36 | B18: {=_xlfn.TEXTJOIN(", ",TRUE(),IF((Base_Dados!$E$2:$E$500=$A18)*(Base_Dados!$A$2:$A$500="Semana (2ª a 6ª)")*(Base_Dados!$B$2:$B$500="Manhã"),Base_Dados!$C$2:$C$500,""))} -> SEM CIRCUITO | C18: {=_xlfn.TEXTJOIN(", ",TRUE(),IF((Base_Dados!$E$2:$E$500=$A18)*(Base_Dados!$A$2:$A$500="Semana (2ª a 6ª)")*(Base_Dados!$B$2:$B$500="Tarde"),Base_Dados!$C$2:$C$500,""))} | D18: {=_xlfn.TEXTJOIN(", ",TRUE(),IF((Base_Dados!$E$2:$E$500=$A18)*(Base_Dados!$A$2:$A$500="Semana (2ª a 6ª)")*(Base_Dados!$B$2:$B$500="Noite"),Base_Dados!$C$2:$C$500,""))} | E18: {=_xlfn.TEXTJOIN(", ",TRUE(),IF((Base_Dados!$E$2:$E$500=$A18)*(Base_Dados!$A$2:$A$500="Sábado"),Base_Dados!$C$2:$C$500&" ("&Base_Dados!$B$2:$B$500&")",""))} -> SEM CIRCUITO (Manhã) | F18: {=_xlfn.TEXTJOIN(", ",TRUE(),IF((Base_Dados!$E$2:$E$500=$A18)*(Base_Dados!$A$2:$A$500="Domingo"),Base_Dados!$C$2:$C$500&" ("&Base_Dados!$B$2:$B$500&")",""))} | G18: =(COUNTIFS(Base_Dados!$E$2:$E$500,$A18,Base_Dados!$A$2:$A$500,"Semana (2ª a 6ª)",Base_Dados!$B$2:$B$500,"Manhã",Base_Dados!$C$2:$C$500,"<>SEM CIRCUITO")>0)+(COUNTIFS(Base_Dados!$E$2:$E$500,$A18,Base_Dados!$A$2:$A$500,"Semana (2ª a 6ª)",Base_Dados!$B$2:$B$500,"Tarde",Base_Dados!$C$2:$C$500,"<>SEM CIRCUITO")>0)+(COUNTIFS(Base_Dados!$E$2:$E$500,$A18,Base_Dados!$A$2:$A$500,"Semana (2ª a 6ª)",Base_Dados!$B$2:$B$500,"Noite",Base_Dados!$C$2:$C$500,"<>SEM CIRCUITO")>0) -> 0 | H18: =COUNTIFS(Base_Dados!$E$2:$E$500,$A18,Base_Dados!$C$2:$C$500,"<>SEM CIRCUITO") -> 0 | I18: Nunca tem circuito atribuído.
A19: 75-ZQ-13 | B19: {=_xlfn.TEXTJOIN(", ",TRUE(),IF((Base_Dados!$E$2:$E$500=$A19)*(Base_Dados!$A$2:$A$500="Semana (2ª a 6ª)")*(Base_Dados!$B$2:$B$500="Manhã"),Base_Dados!$C$2:$C$500,""))} -> MONSTROS | C19: {=_xlfn.TEXTJOIN(", ",TRUE(),IF((Base_Dados!$E$2:$E$500=$A19)*(Base_Dados!$A$2:$A$500="Semana (2ª a 6ª)")*(Base_Dados!$B$2:$B$500="Tarde"),Base_Dados!$C$2:$C$500,""))} -> RECICLAGEM | D19: {=_xlfn.TEXTJOIN(", ",TRUE(),IF((Base_Dados!$E$2:$E$500=$A19)*(Base_Dados!$A$2:$A$500="Semana (2ª a 6ª)")*(Base_Dados!$B$2:$B$500="Noite"),Base_Dados!$C$2:$C$500,""))} -> PAYT | E19: {=_xlfn.TEXTJOIN(", ",TRUE(),IF((Base_Dados!$E$2:$E$500=$A19)*(Base_Dados!$A$2:$A$500="Sábado"),Base_Dados!$C$2:$C$500&" ("&Base_Dados!$B$2:$B$500&")",""))} -> SEM CIRCUITO (Manhã), RECICLAGEM (Tarde), PAYT (Noite) | F19: {=_xlfn.TEXTJOIN(", ",TRUE(),IF((Base_Dados!$E$2:$E$500=$A19)*(Base_Dados!$A$2:$A$500="Domingo"),Base_Dados!$C$2:$C$500&" ("&Base_Dados!$B$2:$B$500&")",""))} | G19: =(COUNTIFS(Base_Dados!$E$2:$E$500,$A19,Base_Dados!$A$2:$A$500,"Semana (2ª a 6ª)",Base_Dados!$B$2:$B$500,"Manhã",Base_Dados!$C$2:$C$500,"<>SEM CIRCUITO")>0)+(COUNTIFS(Base_Dados!$E$2:$E$500,$A19,Base_Dados!$A$2:$A$500,"Semana (2ª a 6ª)",Base_Dados!$B$2:$B$500,"Tarde",Base_Dados!$C$2:$C$500,"<>SEM CIRCUITO")>0)+(COUNTIFS(Base_Dados!$E$2:$E$500,$A19,Base_Dados!$A$2:$A$500,"Semana (2ª a 6ª)",Base_Dados!$B$2:$B$500,"Noite",Base_Dados!$C$2:$C$500,"<>SEM CIRCUITO")>0) -> 3 | H19: =COUNTIFS(Base_Dados!$E$2:$E$500,$A19,Base_Dados!$C$2:$C$500,"<>SEM CIRCUITO") -> 5 | I19: Semana manhã: sem circuito na folha SHU, MONSTROS na folha CHG.
A20: 75-ZQ-24 | B20: {=_xlfn.TEXTJOIN(", ",TRUE(),IF((Base_Dados!$E$2:$E$500=$A20)*(Base_Dados!$A$2:$A$500="Semana (2ª a 6ª)")*(Base_Dados!$B$2:$B$500="Manhã"),Base_Dados!$C$2:$C$500,""))} -> MONSTROS | C20: {=_xlfn.TEXTJOIN(", ",TRUE(),IF((Base_Dados!$E$2:$E$500=$A20)*(Base_Dados!$A$2:$A$500="Semana (2ª a 6ª)")*(Base_Dados!$B$2:$B$500="Tarde"),Base_Dados!$C$2:$C$500,""))} -> MONSTROS, SELETIVO | D20: {=_xlfn.TEXTJOIN(", ",TRUE(),IF((Base_Dados!$E$2:$E$500=$A20)*(Base_Dados!$A$2:$A$500="Semana (2ª a 6ª)")*(Base_Dados!$B$2:$B$500="Noite"),Base_Dados!$C$2:$C$500,""))} | E20: {=_xlfn.TEXTJOIN(", ",TRUE(),IF((Base_Dados!$E$2:$E$500=$A20)*(Base_Dados!$A$2:$A$500="Sábado"),Base_Dados!$C$2:$C$500&" ("&Base_Dados!$B$2:$B$500&")",""))} -> MONSTROS (Manhã), MONSTROS (Tarde) | F20: {=_xlfn.TEXTJOIN(", ",TRUE(),IF((Base_Dados!$E$2:$E$500=$A20)*(Base_Dados!$A$2:$A$500="Domingo"),Base_Dados!$C$2:$C$500&" ("&Base_Dados!$B$2:$B$500&")",""))} -> SEM CIRCUITO (Manhã) | G20: =(COUNTIFS(Base_Dados!$E$2:$E$500,$A20,Base_Dados!$A$2:$A$500,"Semana (2ª a 6ª)",Base_Dados!$B$2:$B$500,"Manhã",Base_Dados!$C$2:$C$500,"<>SEM CIRCUITO")>0)+(COUNTIFS(Base_Dados!$E$2:$E$500,$A20,Base_Dados!$A$2:$A$500,"Semana (2ª a 6ª)",Base_Dados!$B$2:$B$500,"Tarde",Base_Dados!$C$2:$C$500,"<>SEM CIRCUITO")>0)+(COUNTIFS(Base_Dados!$E$2:$E$500,$A20,Base_Dados!$A$2:$A$500,"Semana (2ª a 6ª)",Base_Dados!$B$2:$B$500,"Noite",Base_Dados!$C$2:$C$500,"<>SEM CIRCUITO")>0) -> 2 | H20: =COUNTIFS(Base_Dados!$E$2:$E$500,$A20,Base_Dados!$C$2:$C$500,"<>SEM CIRCUITO") -> 5 | I20: Semana tarde: aparece em 2 linhas (SELETIVO e MONSTROS).
A21: 79-CN-84 | B21: {=_xlfn.TEXTJOIN(", ",TRUE(),IF((Base_Dados!$E$2:$E$500=$A21)*(Base_Dados!$A$2:$A$500="Semana (2ª a 6ª)")*(Base_Dados!$B$2:$B$500="Manhã"),Base_Dados!$C$2:$C$500,""))} -> C13 | C21: {=_xlfn.TEXTJOIN(", ",TRUE(),IF((Base_Dados!$E$2:$E$500=$A21)*(Base_Dados!$A$2:$A$500="Semana (2ª a 6ª)")*(Base_Dados!$B$2:$B$500="Tarde"),Base_Dados!$C$2:$C$500,""))} | D21: {=_xlfn.TEXTJOIN(", ",TRUE(),IF((Base_Dados!$E$2:$E$500=$A21)*(Base_Dados!$A$2:$A$500="Semana (2ª a 6ª)")*(Base_Dados!$B$2:$B$500="Noite"),Base_Dados!$C$2:$C$500,""))} | E21: {=_xlfn.TEXTJOIN(", ",TRUE(),IF((Base_Dados!$E$2:$E$500=$A21)*(Base_Dados!$A$2:$A$500="Sábado"),Base_Dados!$C$2:$C$500&" ("&Base_Dados!$B$2:$B$500&")",""))} -> C13 (Manhã) | F21: {=_xlfn.TEXTJOIN(", ",TRUE(),IF((Base_Dados!$E$2:$E$500=$A21)*(Base_Dados!$A$2:$A$500="Domingo"),Base_Dados!$C$2:$C$500&" ("&Base_Dados!$B$2:$B$500&")",""))} | G21: =(COUNTIFS(Base_Dados!$E$2:$E$500,$A21,Base_Dados!$A$2:$A$500,"Semana (2ª a 6ª)",Base_Dados!$B$2:$B$500,"Manhã",Base_Dados!$C$2:$C$500,"<>SEM CIRCUITO")>0)+(COUNTIFS(Base_Dados!$E$2:$E$500,$A21,Base_Dados!$A$2:$A$500,"Semana (2ª a 6ª)",Base_Dados!$B$2:$B$500,"Tarde",Base_Dados!$C$2:$C$500,"<>SEM CIRCUITO")>0)+(COUNTIFS(Base_Dados!$E$2:$E$500,$A21,Base_Dados!$A$2:$A$500,"Semana (2ª a 6ª)",Base_Dados!$B$2:$B$500,"Noite",Base_Dados!$C$2:$C$500,"<>SEM CIRCUITO")>0) -> 1 | H21: =COUNTIFS(Base_Dados!$E$2:$E$500,$A21,Base_Dados!$C$2:$C$500,"<>SEM CIRCUITO") -> 2
A22: AJ-49-UO | B22: {=_xlfn.TEXTJOIN(", ",TRUE(),IF((Base_Dados!$E$2:$E$500=$A22)*(Base_Dados!$A$2:$A$500="Semana (2ª a 6ª)")*(Base_Dados!$B$2:$B$500="Manhã"),Base_Dados!$C$2:$C$500,""))} -> SEM CIRCUITO | C22: {=_xlfn.TEXTJOIN(", ",TRUE(),IF((Base_Dados!$E$2:$E$500=$A22)*(Base_Dados!$A$2:$A$500="Semana (2ª a 6ª)")*(Base_Dados!$B$2:$B$500="Tarde"),Base_Dados!$C$2:$C$500,""))} -> C3 | D22: {=_xlfn.TEXTJOIN(", ",TRUE(),IF((Base_Dados!$E$2:$E$500=$A22)*(Base_Dados!$A$2:$A$500="Semana (2ª a 6ª)")*(Base_Dados!$B$2:$B$500="Noite"),Base_Dados!$C$2:$C$500,""))} | E22: {=_xlfn.TEXTJOIN(", ",TRUE(),IF((Base_Dados!$E$2:$E$500=$A22)*(Base_Dados!$A$2:$A$500="Sábado"),Base_Dados!$C$2:$C$500&" ("&Base_Dados!$B$2:$B$500&")",""))} -> SEM CIRCUITO (Manhã), C3 (Tarde) | F22: {=_xlfn.TEXTJOIN(", ",TRUE(),IF((Base_Dados!$E$2:$E$500=$A22)*(Base_Dados!$A$2:$A$500="Domingo"),Base_Dados!$C$2:$C$500&" ("&Base_Dados!$B$2:$B$500&")",""))} -> C1 (Manhã) | G22: =(COUNTIFS(Base_Dados!$E$2:$E$500,$A22,Base_Dados!$A$2:$A$500,"Semana (2ª a 6ª)",Base_Dados!$B$2:$B$500,"Manhã",Base_Dados!$C$2:$C$500,"<>SEM CIRCUITO")>0)+(COUNTIFS(Base_Dados!$E$2:$E$500,$A22,Base_Dados!$A$2:$A$500,"Semana (2ª a 6ª)",Base_Dados!$B$2:$B$500,"Tarde",Base_Dados!$C$2:$C$500,"<>SEM CIRCUITO")>0)+(COUNTIFS(Base_Dados!$E$2:$E$500,$A22,Base_Dados!$A$2:$A$500,"Semana (2ª a 6ª)",Base_Dados!$B$2:$B$500,"Noite",Base_Dados!$C$2:$C$500,"<>SEM CIRCUITO")>0) -> 1 | H22: =COUNTIFS(Base_Dados!$E$2:$E$500,$A22,Base_Dados!$C$2:$C$500,"<>SEM CIRCUITO") -> 3
A23: AN-50-LT | B23: {=_xlfn.TEXTJOIN(", ",TRUE(),IF((Base_Dados!$E$2:$E$500=$A23)*(Base_Dados!$A$2:$A$500="Semana (2ª a 6ª)")*(Base_Dados!$B$2:$B$500="Manhã"),Base_Dados!$C$2:$C$500,""))} -> BIO 6 | C23: {=_xlfn.TEXTJOIN(", ",TRUE(),IF((Base_Dados!$E$2:$E$500=$A23)*(Base_Dados!$A$2:$A$500="Semana (2ª a 6ª)")*(Base_Dados!$B$2:$B$500="Tarde"),Base_Dados!$C$2:$C$500,""))} | D23: {=_xlfn.TEXTJOIN(", ",TRUE(),IF((Base_Dados!$E$2:$E$500=$A23)*(Base_Dados!$A$2:$A$500="Semana (2ª a 6ª)")*(Base_Dados!$B$2:$B$500="Noite"),Base_Dados!$C$2:$C$500,""))} | E23: {=_xlfn.TEXTJOIN(", ",TRUE(),IF((Base_Dados!$E$2:$E$500=$A23)*(Base_Dados!$A$2:$A$500="Sábado"),Base_Dados!$C$2:$C$500&" ("&Base_Dados!$B$2:$B$500&")",""))} -> BIO (s/ nº) (Manhã) | F23: {=_xlfn.TEXTJOIN(", ",TRUE(),IF((Base_Dados!$E$2:$E$500=$A23)*(Base_Dados!$A$2:$A$500="Domingo"),Base_Dados!$C$2:$C$500&" ("&Base_Dados!$B$2:$B$500&")",""))} -> PAYT (Manhã) | G23: =(COUNTIFS(Base_Dados!$E$2:$E$500,$A23,Base_Dados!$A$2:$A$500,"Semana (2ª a 6ª)",Base_Dados!$B$2:$B$500,"Manhã",Base_Dados!$C$2:$C$500,"<>SEM CIRCUITO")>0)+(COUNTIFS(Base_Dados!$E$2:$E$500,$A23,Base_Dados!$A$2:$A$500,"Semana (2ª a 6ª)",Base_Dados!$B$2:$B$500,"Tarde",Base_Dados!$C$2:$C$500,"<>SEM CIRCUITO")>0)+(COUNTIFS(Base_Dados!$E$2:$E$500,$A23,Base_Dados!$A$2:$A$500,"Semana (2ª a 6ª)",Base_Dados!$B$2:$B$500,"Noite",Base_Dados!$C$2:$C$500,"<>SEM CIRCUITO")>0) -> 1 | H23: =COUNTIFS(Base_Dados!$E$2:$E$500,$A23,Base_Dados!$C$2:$C$500,"<>SEM CIRCUITO") -> 3
A24: AR-81-SQ | B24: {=_xlfn.TEXTJOIN(", ",TRUE(),IF((Base_Dados!$E$2:$E$500=$A24)*(Base_Dados!$A$2:$A$500="Semana (2ª a 6ª)")*(Base_Dados!$B$2:$B$500="Manhã"),Base_Dados!$C$2:$C$500,""))} | C24: {=_xlfn.TEXTJOIN(", ",TRUE(),IF((Base_Dados!$E$2:$E$500=$A24)*(Base_Dados!$A$2:$A$500="Semana (2ª a 6ª)")*(Base_Dados!$B$2:$B$500="Tarde"),Base_Dados!$C$2:$C$500,""))} -> BIO 2 | D24: {=_xlfn.TEXTJOIN(", ",TRUE(),IF((Base_Dados!$E$2:$E$500=$A24)*(Base_Dados!$A$2:$A$500="Semana (2ª a 6ª)")*(Base_Dados!$B$2:$B$500="Noite"),Base_Dados!$C$2:$C$500,""))} -> BIO 1 | E24: {=_xlfn.TEXTJOIN(", ",TRUE(),IF((Base_Dados!$E$2:$E$500=$A24)*(Base_Dados!$A$2:$A$500="Sábado"),Base_Dados!$C$2:$C$500&" ("&Base_Dados!$B$2:$B$500&")",""))} -> BIO 1 (Tarde), BIO 1 (Noite) | F24: {=_xlfn.TEXTJOIN(", ",TRUE(),IF((Base_Dados!$E$2:$E$500=$A24)*(Base_Dados!$A$2:$A$500="Domingo"),Base_Dados!$C$2:$C$500&" ("&Base_Dados!$B$2:$B$500&")",""))} | G24: =(COUNTIFS(Base_Dados!$E$2:$E$500,$A24,Base_Dados!$A$2:$A$500,"Semana (2ª a 6ª)",Base_Dados!$B$2:$B$500,"Manhã",Base_Dados!$C$2:$C$500,"<>SEM CIRCUITO")>0)+(COUNTIFS(Base_Dados!$E$2:$E$500,$A24,Base_Dados!$A$2:$A$500,"Semana (2ª a 6ª)",Base_Dados!$B$2:$B$500,"Tarde",Base_Dados!$C$2:$C$500,"<>SEM CIRCUITO")>0)+(COUNTIFS(Base_Dados!$E$2:$E$500,$A24,Base_Dados!$A$2:$A$500,"Semana (2ª a 6ª)",Base_Dados!$B$2:$B$500,"Noite",Base_Dados!$C$2:$C$500,"<>SEM CIRCUITO")>0) -> 2 | H24: =COUNTIFS(Base_Dados!$E$2:$E$500,$A24,Base_Dados!$C$2:$C$500,"<>SEM CIRCUITO") -> 4
A25: AR-93-SQ | B25: {=_xlfn.TEXTJOIN(", ",TRUE(),IF((Base_Dados!$E$2:$E$500=$A25)*(Base_Dados!$A$2:$A$500="Semana (2ª a 6ª)")*(Base_Dados!$B$2:$B$500="Manhã"),Base_Dados!$C$2:$C$500,""))} -> BIO 4 | C25: {=_xlfn.TEXTJOIN(", ",TRUE(),IF((Base_Dados!$E$2:$E$500=$A25)*(Base_Dados!$A$2:$A$500="Semana (2ª a 6ª)")*(Base_Dados!$B$2:$B$500="Tarde"),Base_Dados!$C$2:$C$500,""))} -> BIO 1 | D25: {=_xlfn.TEXTJOIN(", ",TRUE(),IF((Base_Dados!$E$2:$E$500=$A25)*(Base_Dados!$A$2:$A$500="Semana (2ª a 6ª)")*(Base_Dados!$B$2:$B$500="Noite"),Base_Dados!$C$2:$C$500,""))} | E25: {=_xlfn.TEXTJOIN(", ",TRUE(),IF((Base_Dados!$E$2:$E$500=$A25)*(Base_Dados!$A$2:$A$500="Sábado"),Base_Dados!$C$2:$C$500&" ("&Base_Dados!$B$2:$B$500&")",""))} -> BIO (s/ nº) (Manhã), BIO 2 (Tarde) | F25: {=_xlfn.TEXTJOIN(", ",TRUE(),IF((Base_Dados!$E$2:$E$500=$A25)*(Base_Dados!$A$2:$A$500="Domingo"),Base_Dados!$C$2:$C$500&" ("&Base_Dados!$B$2:$B$500&")",""))} | G25: =(COUNTIFS(Base_Dados!$E$2:$E$500,$A25,Base_Dados!$A$2:$A$500,"Semana (2ª a 6ª)",Base_Dados!$B$2:$B$500,"Manhã",Base_Dados!$C$2:$C$500,"<>SEM CIRCUITO")>0)+(COUNTIFS(Base_Dados!$E$2:$E$500,$A25,Base_Dados!$A$2:$A$500,"Semana (2ª a 6ª)",Base_Dados!$B$2:$B$500,"Tarde",Base_Dados!$C$2:$C$500,"<>SEM CIRCUITO")>0)+(COUNTIFS(Base_Dados!$E$2:$E$500,$A25,Base_Dados!$A$2:$A$500,"Semana (2ª a 6ª)",Base_Dados!$B$2:$B$500,"Noite",Base_Dados!$C$2:$C$500,"<>SEM CIRCUITO")>0) -> 2 | H25: =COUNTIFS(Base_Dados!$E$2:$E$500,$A25,Base_Dados!$C$2:$C$500,"<>SEM CIRCUITO") -> 4
A26: AS-75-SG | B26: {=_xlfn.TEXTJOIN(", ",TRUE(),IF((Base_Dados!$E$2:$E$500=$A26)*(Base_Dados!$A$2:$A$500="Semana (2ª a 6ª)")*(Base_Dados!$B$2:$B$500="Manhã"),Base_Dados!$C$2:$C$500,""))} | C26: {=_xlfn.TEXTJOIN(", ",TRUE(),IF((Base_Dados!$E$2:$E$500=$A26)*(Base_Dados!$A$2:$A$500="Semana (2ª a 6ª)")*(Base_Dados!$B$2:$B$500="Tarde"),Base_Dados!$C$2:$C$500,""))} -> BIO 3 | D26: {=_xlfn.TEXTJOIN(", ",TRUE(),IF((Base_Dados!$E$2:$E$500=$A26)*(Base_Dados!$A$2:$A$500="Semana (2ª a 6ª)")*(Base_Dados!$B$2:$B$500="Noite"),Base_Dados!$C$2:$C$500,""))} | E26: {=_xlfn.TEXTJOIN(", ",TRUE(),IF((Base_Dados!$E$2:$E$500=$A26)*(Base_Dados!$A$2:$A$500="Sábado"),Base_Dados!$C$2:$C$500&" ("&Base_Dados!$B$2:$B$500&")",""))} -> BIO 3 (Tarde) | F26: {=_xlfn.TEXTJOIN(", ",TRUE(),IF((Base_Dados!$E$2:$E$500=$A26)*(Base_Dados!$A$2:$A$500="Domingo"),Base_Dados!$C$2:$C$500&" ("&Base_Dados!$B$2:$B$500&")",""))} | G26: =(COUNTIFS(Base_Dados!$E$2:$E$500,$A26,Base_Dados!$A$2:$A$500,"Semana (2ª a 6ª)",Base_Dados!$B$2:$B$500,"Manhã",Base_Dados!$C$2:$C$500,"<>SEM CIRCUITO")>0)+(COUNTIFS(Base_Dados!$E$2:$E$500,$A26,Base_Dados!$A$2:$A$500,"Semana (2ª a 6ª)",Base_Dados!$B$2:$B$500,"Tarde",Base_Dados!$C$2:$C$500,"<>SEM CIRCUITO")>0)+(COUNTIFS(Base_Dados!$E$2:$E$500,$A26,Base_Dados!$A$2:$A$500,"Semana (2ª a 6ª)",Base_Dados!$B$2:$B$500,"Noite",Base_Dados!$C$2:$C$500,"<>SEM CIRCUITO")>0) -> 1 | H26: =COUNTIFS(Base_Dados!$E$2:$E$500,$A26,Base_Dados!$C$2:$C$500,"<>SEM CIRCUITO") -> 2
A27: AT-28-PM | B27: {=_xlfn.TEXTJOIN(", ",TRUE(),IF((Base_Dados!$E$2:$E$500=$A27)*(Base_Dados!$A$2:$A$500="Semana (2ª a 6ª)")*(Base_Dados!$B$2:$B$500="Manhã"),Base_Dados!$C$2:$C$500,""))} | C27: {=_xlfn.TEXTJOIN(", ",TRUE(),IF((Base_Dados!$E$2:$E$500=$A27)*(Base_Dados!$A$2:$A$500="Semana (2ª a 6ª)")*(Base_Dados!$B$2:$B$500="Tarde"),Base_Dados!$C$2:$C$500,""))} | D27: {=_xlfn.TEXTJOIN(", ",TRUE(),IF((Base_Dados!$E$2:$E$500=$A27)*(Base_Dados!$A$2:$A$500="Semana (2ª a 6ª)")*(Base_Dados!$B$2:$B$500="Noite"),Base_Dados!$C$2:$C$500,""))} -> PAYT | E27: {=_xlfn.TEXTJOIN(", ",TRUE(),IF((Base_Dados!$E$2:$E$500=$A27)*(Base_Dados!$A$2:$A$500="Sábado"),Base_Dados!$C$2:$C$500&" ("&Base_Dados!$B$2:$B$500&")",""))} | F27: {=_xlfn.TEXTJOIN(", ",TRUE(),IF((Base_Dados!$E$2:$E$500=$A27)*(Base_Dados!$A$2:$A$500="Domingo"),Base_Dados!$C$2:$C$500&" ("&Base_Dados!$B$2:$B$500&")",""))} | G27: =(COUNTIFS(Base_Dados!$E$2:$E$500,$A27,Base_Dados!$A$2:$A$500,"Semana (2ª a 6ª)",Base_Dados!$B$2:$B$500,"Manhã",Base_Dados!$C$2:$C$500,"<>SEM CIRCUITO")>0)+(COUNTIFS(Base_Dados!$E$2:$E$500,$A27,Base_Dados!$A$2:$A$500,"Semana (2ª a 6ª)",Base_Dados!$B$2:$B$500,"Tarde",Base_Dados!$C$2:$C$500,"<>SEM CIRCUITO")>0)+(COUNTIFS(Base_Dados!$E$2:$E$500,$A27,Base_Dados!$A$2:$A$500,"Semana (2ª a 6ª)",Base_Dados!$B$2:$B$500,"Noite",Base_Dados!$C$2:$C$500,"<>SEM CIRCUITO")>0) -> 1 | H27: =COUNTIFS(Base_Dados!$E$2:$E$500,$A27,Base_Dados!$C$2:$C$500,"<>SEM CIRCUITO") -> 1 | I27: Só aparece uma vez (semana, noite). Possível erro de escrita de AT-98-PM.
A28: AT-98-PM | B28: {=_xlfn.TEXTJOIN(", ",TRUE(),IF((Base_Dados!$E$2:$E$500=$A28)*(Base_Dados!$A$2:$A$500="Semana (2ª a 6ª)")*(Base_Dados!$B$2:$B$500="Manhã"),Base_Dados!$C$2:$C$500,""))} -> PAYT | C28: {=_xlfn.TEXTJOIN(", ",TRUE(),IF((Base_Dados!$E$2:$E$500=$A28)*(Base_Dados!$A$2:$A$500="Semana (2ª a 6ª)")*(Base_Dados!$B$2:$B$500="Tarde"),Base_Dados!$C$2:$C$500,""))} -> PAYT | D28: {=_xlfn.TEXTJOIN(", ",TRUE(),IF((Base_Dados!$E$2:$E$500=$A28)*(Base_Dados!$A$2:$A$500="Semana (2ª a 6ª)")*(Base_Dados!$B$2:$B$500="Noite"),Base_Dados!$C$2:$C$500,""))} | E28: {=_xlfn.TEXTJOIN(", ",TRUE(),IF((Base_Dados!$E$2:$E$500=$A28)*(Base_Dados!$A$2:$A$500="Sábado"),Base_Dados!$C$2:$C$500&" ("&Base_Dados!$B$2:$B$500&")",""))} -> PAYT (Manhã), PAYT (Tarde), PAYT (Noite) | F28: {=_xlfn.TEXTJOIN(", ",TRUE(),IF((Base_Dados!$E$2:$E$500=$A28)*(Base_Dados!$A$2:$A$500="Domingo"),Base_Dados!$C$2:$C$500&" ("&Base_Dados!$B$2:$B$500&")",""))} -> PAYT (Manhã), PAYT (Tarde), PAYT (Noite) | G28: =(COUNTIFS(Base_Dados!$E$2:$E$500,$A28,Base_Dados!$A$2:$A$500,"Semana (2ª a 6ª)",Base_Dados!$B$2:$B$500,"Manhã",Base_Dados!$C$2:$C$500,"<>SEM CIRCUITO")>0)+(COUNTIFS(Base_Dados!$E$2:$E$500,$A28,Base_Dados!$A$2:$A$500,"Semana (2ª a 6ª)",Base_Dados!$B$2:$B$500,"Tarde",Base_Dados!$C$2:$C$500,"<>SEM CIRCUITO")>0)+(COUNTIFS(Base_Dados!$E$2:$E$500,$A28,Base_Dados!$A$2:$A$500,"Semana (2ª a 6ª)",Base_Dados!$B$2:$B$500,"Noite",Base_Dados!$C$2:$C$500,"<>SEM CIRCUITO")>0) -> 2 | H28: =COUNTIFS(Base_Dados!$E$2:$E$500,$A28,Base_Dados!$C$2:$C$500,"<>SEM CIRCUITO") -> 8 | I28: PAYT todos os dias. Ao fim de semana faz os 3 turnos; na semana à noite o PAYT surge com AT-28-PM (confirmar).
A29: AV-32-SV | B29: {=_xlfn.TEXTJOIN(", ",TRUE(),IF((Base_Dados!$E$2:$E$500=$A29)*(Base_Dados!$A$2:$A$500="Semana (2ª a 6ª)")*(Base_Dados!$B$2:$B$500="Manhã"),Base_Dados!$C$2:$C$500,""))} -> C5 | C29: {=_xlfn.TEXTJOIN(", ",TRUE(),IF((Base_Dados!$E$2:$E$500=$A29)*(Base_Dados!$A$2:$A$500="Semana (2ª a 6ª)")*(Base_Dados!$B$2:$B$500="Tarde"),Base_Dados!$C$2:$C$500,""))} -> C1 | D29: {=_xlfn.TEXTJOIN(", ",TRUE(),IF((Base_Dados!$E$2:$E$500=$A29)*(Base_Dados!$A$2:$A$500="Semana (2ª a 6ª)")*(Base_Dados!$B$2:$B$500="Noite"),Base_Dados!$C$2:$C$500,""))} | E29: {=_xlfn.TEXTJOIN(", ",TRUE(),IF((Base_Dados!$E$2:$E$500=$A29)*(Base_Dados!$A$2:$A$500="Sábado"),Base_Dados!$C$2:$C$500&" ("&Base_Dados!$B$2:$B$500&")",""))} -> C5 (Manhã), C1 (Tarde) | F29: {=_xlfn.TEXTJOIN(", ",TRUE(),IF((Base_Dados!$E$2:$E$500=$A29)*(Base_Dados!$A$2:$A$500="Domingo"),Base_Dados!$C$2:$C$500&" ("&Base_Dados!$B$2:$B$500&")",""))} | G29: =(COUNTIFS(Base_Dados!$E$2:$E$500,$A29,Base_Dados!$A$2:$A$500,"Semana (2ª a 6ª)",Base_Dados!$B$2:$B$500,"Manhã",Base_Dados!$C$2:$C$500,"<>SEM CIRCUITO")>0)+(COUNTIFS(Base_Dados!$E$2:$E$500,$A29,Base_Dados!$A$2:$A$500,"Semana (2ª a 6ª)",Base_Dados!$B$2:$B$500,"Tarde",Base_Dados!$C$2:$C$500,"<>SEM CIRCUITO")>0)+(COUNTIFS(Base_Dados!$E$2:$E$500,$A29,Base_Dados!$A$2:$A$500,"Semana (2ª a 6ª)",Base_Dados!$B$2:$B$500,"Noite",Base_Dados!$C$2:$C$500,"<>SEM CIRCUITO")>0) -> 2 | H29: =COUNTIFS(Base_Dados!$E$2:$E$500,$A29,Base_Dados!$C$2:$C$500,"<>SEM CIRCUITO") -> 4
A30: BD-86-EN | B30: {=_xlfn.TEXTJOIN(", ",TRUE(),IF((Base_Dados!$E$2:$E$500=$A30)*(Base_Dados!$A$2:$A$500="Semana (2ª a 6ª)")*(Base_Dados!$B$2:$B$500="Manhã"),Base_Dados!$C$2:$C$500,""))} -> C14 | C30: {=_xlfn.TEXTJOIN(", ",TRUE(),IF((Base_Dados!$E$2:$E$500=$A30)*(Base_Dados!$A$2:$A$500="Semana (2ª a 6ª)")*(Base_Dados!$B$2:$B$500="Tarde"),Base_Dados!$C$2:$C$500,""))} | D30: {=_xlfn.TEXTJOIN(", ",TRUE(),IF((Base_Dados!$E$2:$E$500=$A30)*(Base_Dados!$A$2:$A$500="Semana (2ª a 6ª)")*(Base_Dados!$B$2:$B$500="Noite"),Base_Dados!$C$2:$C$500,""))} | E30: {=_xlfn.TEXTJOIN(", ",TRUE(),IF((Base_Dados!$E$2:$E$500=$A30)*(Base_Dados!$A$2:$A$500="Sábado"),Base_Dados!$C$2:$C$500&" ("&Base_Dados!$B$2:$B$500&")",""))} -> C14 (Manhã) | F30: {=_xlfn.TEXTJOIN(", ",TRUE(),IF((Base_Dados!$E$2:$E$500=$A30)*(Base_Dados!$A$2:$A$500="Domingo"),Base_Dados!$C$2:$C$500&" ("&Base_Dados!$B$2:$B$500&")",""))} | G30: =(COUNTIFS(Base_Dados!$E$2:$E$500,$A30,Base_Dados!$A$2:$A$500,"Semana (2ª a 6ª)",Base_Dados!$B$2:$B$500,"Manhã",Base_Dados!$C$2:$C$500,"<>SEM CIRCUITO")>0)+(COUNTIFS(Base_Dados!$E$2:$E$500,$A30,Base_Dados!$A$2:$A$500,"Semana (2ª a 6ª)",Base_Dados!$B$2:$B$500,"Tarde",Base_Dados!$C$2:$C$500,"<>SEM CIRCUITO")>0)+(COUNTIFS(Base_Dados!$E$2:$E$500,$A30,Base_Dados!$A$2:$A$500,"Semana (2ª a 6ª)",Base_Dados!$B$2:$B$500,"Noite",Base_Dados!$C$2:$C$500,"<>SEM CIRCUITO")>0) -> 1 | H30: =COUNTIFS(Base_Dados!$E$2:$E$500,$A30,Base_Dados!$C$2:$C$500,"<>SEM CIRCUITO") -> 2
A31: BZ-39-IV | B31: {=_xlfn.TEXTJOIN(", ",TRUE(),IF((Base_Dados!$E$2:$E$500=$A31)*(Base_Dados!$A$2:$A$500="Semana (2ª a 6ª)")*(Base_Dados!$B$2:$B$500="Manhã"),Base_Dados!$C$2:$C$500,""))} -> CONTENTORES | C31: {=_xlfn.TEXTJOIN(", ",TRUE(),IF((Base_Dados!$E$2:$E$500=$A31)*(Base_Dados!$A$2:$A$500="Semana (2ª a 6ª)")*(Base_Dados!$B$2:$B$500="Tarde"),Base_Dados!$C$2:$C$500,""))} | D31: {=_xlfn.TEXTJOIN(", ",TRUE(),IF((Base_Dados!$E$2:$E$500=$A31)*(Base_Dados!$A$2:$A$500="Semana (2ª a 6ª)")*(Base_Dados!$B$2:$B$500="Noite"),Base_Dados!$C$2:$C$500,""))} | E31: {=_xlfn.TEXTJOIN(", ",TRUE(),IF((Base_Dados!$E$2:$E$500=$A31)*(Base_Dados!$A$2:$A$500="Sábado"),Base_Dados!$C$2:$C$500&" ("&Base_Dados!$B$2:$B$500&")",""))} -> CONTENTORES (Manhã) | F31: {=_xlfn.TEXTJOIN(", ",TRUE(),IF((Base_Dados!$E$2:$E$500=$A31)*(Base_Dados!$A$2:$A$500="Domingo"),Base_Dados!$C$2:$C$500&" ("&Base_Dados!$B$2:$B$500&")",""))} | G31: =(COUNTIFS(Base_Dados!$E$2:$E$500,$A31,Base_Dados!$A$2:$A$500,"Semana (2ª a 6ª)",Base_Dados!$B$2:$B$500,"Manhã",Base_Dados!$C$2:$C$500,"<>SEM CIRCUITO")>0)+(COUNTIFS(Base_Dados!$E$2:$E$500,$A31,Base_Dados!$A$2:$A$500,"Semana (2ª a 6ª)",Base_Dados!$B$2:$B$500,"Tarde",Base_Dados!$C$2:$C$500,"<>SEM CIRCUITO")>0)+(COUNTIFS(Base_Dados!$E$2:$E$500,$A31,Base_Dados!$A$2:$A$500,"Semana (2ª a 6ª)",Base_Dados!$B$2:$B$500,"Noite",Base_Dados!$C$2:$C$500,"<>SEM CIRCUITO")>0) -> 1 | H31: =COUNTIFS(Base_Dados!$E$2:$E$500,$A31,Base_Dados!$C$2:$C$500,"<>SEM CIRCUITO") -> 2
A32: CA-05-PT | B32: {=_xlfn.TEXTJOIN(", ",TRUE(),IF((Base_Dados!$E$2:$E$500=$A32)*(Base_Dados!$A$2:$A$500="Semana (2ª a 6ª)")*(Base_Dados!$B$2:$B$500="Manhã"),Base_Dados!$C$2:$C$500,""))} -> LAVAGEM CONTENTORES | C32: {=_xlfn.TEXTJOIN(", ",TRUE(),IF((Base_Dados!$E$2:$E$500=$A32)*(Base_Dados!$A$2:$A$500="Semana (2ª a 6ª)")*(Base_Dados!$B$2:$B$500="Tarde"),Base_Dados!$C$2:$C$500,""))} -> LAVAGEM CONTENTORES | D32: {=_xlfn.TEXTJOIN(", ",TRUE(),IF((Base_Dados!$E$2:$E$500=$A32)*(Base_Dados!$A$2:$A$500="Semana (2ª a 6ª)")*(Base_Dados!$B$2:$B$500="Noite"),Base_Dados!$C$2:$C$500,""))} | E32: {=_xlfn.TEXTJOIN(", ",TRUE(),IF((Base_Dados!$E$2:$E$500=$A32)*(Base_Dados!$A$2:$A$500="Sábado"),Base_Dados!$C$2:$C$500&" ("&Base_Dados!$B$2:$B$500&")",""))} | F32: {=_xlfn.TEXTJOIN(", ",TRUE(),IF((Base_Dados!$E$2:$E$500=$A32)*(Base_Dados!$A$2:$A$500="Domingo"),Base_Dados!$C$2:$C$500&" ("&Base_Dados!$B$2:$B$500&")",""))} | G32: =(COUNTIFS(Base_Dados!$E$2:$E$500,$A32,Base_Dados!$A$2:$A$500,"Semana (2ª a 6ª)",Base_Dados!$B$2:$B$500,"Manhã",Base_Dados!$C$2:$C$500,"<>SEM CIRCUITO")>0)+(COUNTIFS(Base_Dados!$E$2:$E$500,$A32,Base_Dados!$A$2:$A$500,"Semana (2ª a 6ª)",Base_Dados!$B$2:$B$500,"Tarde",Base_Dados!$C$2:$C$500,"<>SEM CIRCUITO")>0)+(COUNTIFS(Base_Dados!$E$2:$E$500,$A32,Base_Dados!$A$2:$A$500,"Semana (2ª a 6ª)",Base_Dados!$B$2:$B$500,"Noite",Base_Dados!$C$2:$C$500,"<>SEM CIRCUITO")>0) -> 2 | H32: =COUNTIFS(Base_Dados!$E$2:$E$500,$A32,Base_Dados!$C$2:$C$500,"<>SEM CIRCUITO") -> 2
A33: CA-27-DS | B33: {=_xlfn.TEXTJOIN(", ",TRUE(),IF((Base_Dados!$E$2:$E$500=$A33)*(Base_Dados!$A$2:$A$500="Semana (2ª a 6ª)")*(Base_Dados!$B$2:$B$500="Manhã"),Base_Dados!$C$2:$C$500,""))} -> C2 | C33: {=_xlfn.TEXTJOIN(", ",TRUE(),IF((Base_Dados!$E$2:$E$500=$A33)*(Base_Dados!$A$2:$A$500="Semana (2ª a 6ª)")*(Base_Dados!$B$2:$B$500="Tarde"),Base_Dados!$C$2:$C$500,""))} -> C6 | D33: {=_xlfn.TEXTJOIN(", ",TRUE(),IF((Base_Dados!$E$2:$E$500=$A33)*(Base_Dados!$A$2:$A$500="Semana (2ª a 6ª)")*(Base_Dados!$B$2:$B$500="Noite"),Base_Dados!$C$2:$C$500,""))} | E33: {=_xlfn.TEXTJOIN(", ",TRUE(),IF((Base_Dados!$E$2:$E$500=$A33)*(Base_Dados!$A$2:$A$500="Sábado"),Base_Dados!$C$2:$C$500&" ("&Base_Dados!$B$2:$B$500&")",""))} -> C2 (Manhã), C6 (Tarde) | F33: {=_xlfn.TEXTJOIN(", ",TRUE(),IF((Base_Dados!$E$2:$E$500=$A33)*(Base_Dados!$A$2:$A$500="Domingo"),Base_Dados!$C$2:$C$500&" ("&Base_Dados!$B$2:$B$500&")",""))} | G33: =(COUNTIFS(Base_Dados!$E$2:$E$500,$A33,Base_Dados!$A$2:$A$500,"Semana (2ª a 6ª)",Base_Dados!$B$2:$B$500,"Manhã",Base_Dados!$C$2:$C$500,"<>SEM CIRCUITO")>0)+(COUNTIFS(Base_Dados!$E$2:$E$500,$A33,Base_Dados!$A$2:$A$500,"Semana (2ª a 6ª)",Base_Dados!$B$2:$B$500,"Tarde",Base_Dados!$C$2:$C$500,"<>SEM CIRCUITO")>0)+(COUNTIFS(Base_Dados!$E$2:$E$500,$A33,Base_Dados!$A$2:$A$500,"Semana (2ª a 6ª)",Base_Dados!$B$2:$B$500,"Noite",Base_Dados!$C$2:$C$500,"<>SEM CIRCUITO")>0) -> 2 | H33: =COUNTIFS(Base_Dados!$E$2:$E$500,$A33,Base_Dados!$C$2:$C$500,"<>SEM CIRCUITO") -> 4

Sheet Alertas
A1: inconsistências a confirmar
A3: # | B3: Tipo | C3: Detalhe | D3: Sugestão
A4: 1 | B4: Circuito sem viatura | C4: Circuitos do ficheiro de circuitos que não aparecem no planeamento: BIO 5, C8, C12, C15, C20, C21, C22, C23, C24. | D4: Confirmar se estão integrados noutros circuitos ou se faltam no planeamento.
A5: 2 | B5: Código de viatura | C5: O ficheiro de circuitos usa V1–V4. Pelo planeamento, a correspondência provável é: V1 = AR-93-SQ (faz BIO 4 de manhã e BIO 1 à tarde); V2 = AR-81-SQ (BIO 2); V3 = 60-93-ZG / AS-75-SG (BIO 3); V4 = AN-50-LT (BIO 6). | D5: Confirmar e substituir V1–V4 por matrículas no ficheiro de circuitos.
A6: 3 | B6: Circuito desconhecido | C6: "1 A/ 1B" (47-LP-50, manhã) não existe no ficheiro de circuitos. | D6: Identificar o circuito e a tipologia.
A7: 4 | B7: Circuito incompleto | C7: "Bio" sem número: 58-PF-10 (semana manhã), AN-50-LT e AR-93-SQ (sábado manhã). | D7: Indicar o número do circuito BIO.
A8: 5 | B8: Circuito incompleto | C8: "C.H" (58-PF-10, domingo manhã). | D8: Confirmar se é BIO 1 (Centro histórico) ou outro serviço.
A9: 6 | B9: Viatura em duplicado | C9: 75-ZQ-24 aparece em 2 linhas na semana à tarde (SELETIVO e MONSTROS). 65-RB-29 aparece 2 vezes no sábado de manhã. | D9: Confirmar qual o serviço real.
A10: 7 | B10: Possível erro de matrícula | C10: AT-28-PM aparece só uma vez (semana, noite, PAYT). Nos outros dias o PAYT noite é feito pela AT-98-PM. | D10: Confirmar a matrícula.
A11: 8 | B11: Viatura multi-tipologia | C11: 60-93-ZG faz C7 (indiferenciados) e BIO 3 (orgânicos) no mesmo turno. 24-ZZ-64 faz C6 de manhã e CARTÃO à tarde. | D11: Verificar lavagem da caixa entre fluxos e o registo de pesagens separado.
A12: 9 | B12: Viaturas sem circuito | C12: 74-HN-36 e 29-48-XU nunca têm circuito. AJ-49-UO e 65-RB-29 têm linhas extra sem circuito. | D12: Confirmar se são reserva, oficina ou equipa de apoio.
A13: 10 | B13: Circuitos não documentados | C13: SELETIVO, RECICLAGEM, CARTÃO, MONSTROS, PAYT, CONTENTORES e LAVAGEM têm viaturas mas não têm localidades nem dias no ficheiro de circuitos. | D13: Completar o ficheiro de circuitos com estes serviços.
A14: 11 | B14: Datas diferentes | C14: Semana: 21 a 25/09/2026. Sábado: 19/09/2026. Domingo: 20/09/2026 (fim de semana anterior). Folha FERIADOS CHG: 04/06/2026 (não usada). | D14: Garantir que o planeamento de fim de semana é o da mesma semana.
A15: 12 | B15: Escrita normalizada | C15: Corrigido: "Bio 6"→BIO 6, "C 1"→C1, "CA 27 DS"→CA-27-DS, "LAVA-CONTENTORES"/"LAVAGEM"→LAVAGEM CONTENTORES. Circuitos agrupados ("C18/C19") divididos em linhas. | D15: Usar lista pendente (validação de dados) no planeamento para evitar variações.

Sheet Base_Dados
A1: Dia | B1: Turno | C1: Circuito | D1: Tipologia | E1: Matrícula | F1: Nº tripulantes | G1: Tipo de recolha | H1: Localidades | I1: Circuito (como escrito) | J1: Folha de origem | K1: Observação
A2: Semana (2ª a 6ª) | B2: Manhã | C2: C1 | D2: Indiferenciados | E2: 69-TJ-24 | F2: 2 | G2: Moloks | H2: Costa Azurém Moreira de Cónegos Mesão Frio São Torcato | I2: C1 | J2: Serviços & Equipas_SHU (Semana)
A3: Semana (2ª a 6ª) | B3: Manhã | C3: C2 | D3: Indiferenciados | E3: CA-27-DS | F3: 2 | G3: Moloks | H3: Cidade Costa Senhora da Conceição | I3: C2 | J3: Serviços & Equipas_SHU (Semana)
A4: Semana (2ª a 6ª) | B4: Manhã | C4: BIO 3 | D4: Orgânicos | E4: 60-93-ZG | F4: 3 | G4: Contentores | H4: Todos os cemitérios do concelho | I4: C7 / BIO 3 | J4: Serviços & Equipas_SHU (Semana) | K4: Circuito agrupado no planeamento
A5: Semana (2ª a 6ª) | B5: Manhã | C5: BIO 4 | D5: Orgânicos | E5: AR-93-SQ | F5: 3 | G5: Contentores | H5: Cidade Costa Urgezes Azúrem Creixomil Campelos | I5: Bio 4 | J5: Serviços & Equipas_SHU (Semana)
A6: Semana (2ª a 6ª) | B6: Manhã | C6: C5 | D6: Indiferenciados | E6: AV-32-SV | F6: 3 | G6: Moloks | H6: Creixomil (zona alta) | I6: C5 | J6: Serviços & Equipas_SHU (Semana)
A7: Semana (2ª a 6ª) | B7: Manhã | C7: BIO 6 | D7: Orgânicos | E7: AN-50-LT | F7: 3 | G7: Contentores | H7: Ponte Fermentões | I7: Bio 6 | J7: Serviços & Equipas_SHU (Semana)
A8: Semana (2ª a 6ª) | B8: Manhã | C8: C6 | D8: Indiferenciados | E8: 24-ZZ-64 | F8: 3 | G8: Moloks | H8: Urgezes, Abação, Creixomil (zona baixa), Penha, Polvoreira, Conde, Nespereira e Lordelo | I8: C6 | J8: Serviços & Equipas_SHU (Semana)
A9: Semana (2ª a 6ª) | B9: Manhã | C9: C7 | D9: Indiferenciados | E9: 60-93-ZG | F9: 3 | G9: PAP | H9: Donin Briteiros S. Estevão | I9: C7 / BIO 3 | J9: Serviços & Equipas_SHU (Semana) | K9: Circuito agrupado no planeamento
A10: Semana (2ª a 6ª) | B10: Manhã | C10: C9 | D10: Indiferenciados | E10: 49-GC-81 | F10: 3 | G10: PAP | H10: Balazar Longos Sande São Lourenço Santa Leocadia de Briteiros | I10: C9 | J10: Serviços & Equipas_SHU (Semana)
A11: Semana (2ª a 6ª) | B11: Manhã | C11: C10 | D11: Indiferenciados | E11: 49-GC-80 | F11: 3 | G11: PAP | H11: Arosa Castelões Souto São Salvador Gondomar Souto Santa Maria | I11: C10/C11 | J11: Serviços & Equipas_SHU (Semana) | K11: Circuito agrupado no planeamento
A12: Semana (2ª a 6ª) | B12: Manhã | C12: C11 | D12: Indiferenciados | E12: 49-GC-80 | F12: 3 | G12: PAP | H12: Contentores Ponte ( 2º E 6º) Taipas Sande São Martinho São Salvador de Briteiros Nascional de Brito/taips Escolas Taipas Supermercado | I12: C10/C11 | J12: Serviços & Equipas_SHU (Semana) | K12: Circuito agrupado no planeamento
A13: Semana (2ª a 6ª) | B13: Manhã | C13: C13 | D13: Indiferenciados | E13: 79-CN-84 | F13: 3 | G13: PAP | H13: Pencelo Fermentões Gominhães Selho São Lourenço Corvite Prazins Santo Eufémia Nacional Selho São Lourenço | I13: C13 | J13: Serviços & Equipas_SHU (Semana)
A14: Semana (2ª a 6ª) | B14: Manhã | C14: C14 | D14: Indiferenciados | E14: BD-86-EN | F14: 3 | G14: PAP | H14: Contentores Cidade Salgueiral Vila Nova Ruas Estreitas São Clemente Rua Estreitas Campelos ( 4ª) Selho Ruas Estreitas São Torcato Rua Estreitas Vermil Creixomil (5ª) | I14: C14 | J14: Serviços & Equipas_SHU (Semana)
A15: Semana (2ª a 6ª) | B15: Manhã | C15: C16 | D15: Indiferenciados | E15: 29-20-ZN | F15: 3 | G15: PAP | H15: Vila Nova Sande São Clemente Figueiredo Oleiros Santa Maria Airão Airão São João | I15: C16/C17 | J15: Serviços & Equipas_SHU (Semana) | K15: Circuito agrupado no planeamento
A16: Semana (2ª a 6ª) | B16: Manhã | C16: C17 | D16: Indiferenciados | E16: 29-20-ZN | F16: 3 | G16: PAP | H16: São Martinho Candoso Selho São Cristovão | I16: C16/C17 | J16: Serviços & Equipas_SHU (Semana) | K16: Circuito agrupado no planeamento
A17: Semana (2ª a 6ª) | B17: Manhã | C17: C18 | D17: Indiferenciados | E17: 49-GC-79 | F17: 3 | G17: PAP | H17: Ronfe | I17: C18/C19 | J17: Serviços & Equipas_SHU (Semana) | K17: Circuito agrupado no planeamento
A18: Semana (2ª a 6ª) | B18: Manhã | C18: C19 | D18: Indiferenciados | E18: 49-GC-79 | F18: 3 | G18: PAP | H18: Brito | I18: C18/C19 | J18: Serviços & Equipas_SHU (Semana) | K18: Circuito agrupado no planeamento
A19: Semana (2ª a 6ª) | B19: Manhã | C19: 1A/1B | D19: A confirmar | E19: 47-LP-50 | F19: 3 | I19: 1 A/ 1B | J19: Serviços & Equipas_SHU (Semana) | K19: Circuito agrupado no planeamento
A20: Semana (2ª a 6ª) | B20: Manhã | C20: BIO (s/ nº) | D20: Orgânicos | E20: 58-PF-10 | F20: 3 | I20: Bio | J20: Serviços & Equipas_SHU (Semana)
A21: Semana (2ª a 6ª) | B21: Manhã | C21: CONTENTORES | D21: Serviços de apoio | E21: BZ-39-IV | F21: 1 | I21: CONTENTORES | J21: Serviços & Equipas_SHU (Semana)
A22: Semana (2ª a 6ª) | B22: Manhã | C22: LAVAGEM CONTENTORES | D22: Serviços de apoio | E22: CA-05-PT | F22: 2 | I22: LAVAGEM | J22: Serviços & Equipas_SHU (Semana) | K22: Turno deduzido pelo bloco da folha
A23: Semana (2ª a 6ª) | B23: Manhã | C23: MONSTROS | D23: Volumosos (Monstros) | E23: 60-45-XJ | F23: 2 | I23: MONSTROS | J23: Serviços & Equipas_SHU (Semana)
A24: Semana (2ª a 6ª) | B24: Manhã | C24: MONSTROS | D24: Volumosos (Monstros) | E24: 75-ZQ-24 | F24: 0 | I24: MONSTROS | J24: Serviços & Equipas_SHU (Semana)
A25: Semana (2ª a 6ª) | B25: Manhã | C25: MONSTROS | D25: Volumosos (Monstros) | E25: 48-CQ-06 | F25: 2 | I25: MONSTROS | J25: Serviços & Equipas_SHU (Semana)
A26: Semana (2ª a 6ª) | B26: Manhã | C26: MONSTROS | D26: Volumosos (Monstros) | E26: 75-ZQ-13 | F26: 1 | I26: MONSTROS | J26: CHG | K26: Turno deduzido pelo bloco da folha
A27: Semana (2ª a 6ª) | B27: Manhã | C27: PAYT | D27: PAYT | E27: AT-98-PM | F27: 2 | I27: PAYT | J27: Serviços & Equipas_SHU (Semana)
A28: Semana (2ª a 6ª) | B28: Manhã | C28: SELETIVO | D28: Recicláveis | E28: 65-RB-29 | F28: 2 | I28: SELETIVO | J28: Serviços & Equipas_SHU (Semana)
A29: Semana (2ª a 6ª) | B29: Manhã | C29: SEM CIRCUITO | D29: Sem afetação | E29: AJ-49-UO | F29: 3 | I29: (vazio) | J29: Serviços & Equipas_SHU (Semana) | K29: Turno deduzido pelo bloco da folha
A30: Semana (2ª a 6ª) | B30: Manhã | C30: SEM CIRCUITO | D30: Sem afetação | E30: 29-48-XU | F30: 3 | I30: (vazio) | J30: Serviços & Equipas_SHU (Semana) | K30: Turno deduzido pelo bloco da folha
A31: Semana (2ª a 6ª) | B31: Manhã | C31: SEM CIRCUITO | D31: Sem afetação | E31: 74-HN-36 | F31: 0 | I31: (vazio) | J31: Serviços & Equipas_SHU (Semana) | K31: Turno deduzido pelo bloco da folha
A32: Semana (2ª a 6ª) | B32: Tarde | C32: C1 | D32: Indiferenciados | E32: AV-32-SV | F32: 2 | G32: Moloks | H32: Costa Azurém Moreira de Cónegos Mesão Frio São Torcato | I32: C1 | J32: Serviços & Equipas_SHU (Semana)
A33: Semana (2ª a 6ª) | B33: Tarde | C33: BIO 1 | D33: Orgânicos | E33: AR-93-SQ | F33: 3 | G33: PAP | H33: Centro histórico | I33: BIO 1 | J33: Serviços & Equipas_SHU (Semana)
A34: Semana (2ª a 6ª) | B34: Tarde | C34: BIO 2 | D34: Orgânicos | E34: AR-81-SQ | F34: 3 | G34: Contentores | H34: HORECA Cemitérios Contentores 1000L Taipas e Creixomil | I34: BIO 2 | J34: Serviços & Equipas_SHU (Semana)
A35: Semana (2ª a 6ª) | B35: Tarde | C35: C3 | D35: Indiferenciados | E35: AJ-49-UO | F35: 2 | G35: Moloks | H35: Fermentões Caldelas Barco Santo Eufémia Ponte Sande S. Martinho Prazins Souto | I35: C3 | J35: Serviços & Equipas_SHU (Semana)
A36: Semana (2ª a 6ª) | B36: Tarde | C36: BIO 3 | D36: Orgânicos | E36: AS-75-SG | F36: 2 | G36: Contentores | H36: Todos os cemitérios do concelho | I36: BIO 3 | J36: Serviços & Equipas_SHU (Semana)
A37: Semana (2ª a 6ª) | B37: Tarde | C37: C4 | D37: Indiferenciados | E37: 69-TJ-24 | F37: 2 | G37: Moloks | H37: Urgezes Selho Campelos Ronfe Serzedelo Gandarela Silvares Brito Gondar Guardizela | I37: C4 | J37: Serviços & Equipas_SHU (Semana)
A38: Semana (2ª a 6ª) | B38: Tarde | C38: C6 | D38: Indiferenciados | E38: CA-27-DS | F38: 2 | G38: Moloks | H38: Urgezes, Abação, Creixomil (zona baixa), Penha, Polvoreira, Conde, Nespereira e Lordelo | I38: C6 | J38: Serviços & Equipas_SHU (Semana)
A39: Semana (2ª a 6ª) | B39: Tarde | C39: CARTÃO | D39: Recicláveis | E39: 24-ZZ-64 | F39: 3 | I39: CARTÃO | J39: Serviços & Equipas_SHU (Semana)
A40: Semana (2ª a 6ª) | B40: Tarde | C40: LAVAGEM CONTENTORES | D40: Serviços de apoio | E40: CA-05-PT | F40: 0 | I40: LAVA-CONTENTORES | J40: Serviços & Equipas_SHU (Semana)
A41: Semana (2ª a 6ª) | B41: Tarde | C41: MONSTROS | D41: Volumosos (Monstros) | E41: 48-CQ-06 | F41: 2 | I41: MONSTROS | J41: Serviços & Equipas_SHU (Semana)
A42: Semana (2ª a 6ª) | B42: Tarde | C42: MONSTROS | D42: Volumosos (Monstros) | E42: 75-ZQ-24 | F42: 0 | I42: MONSTROS | J42: Serviços & Equipas_SHU (Semana)
A43: Semana (2ª a 6ª) | B43: Tarde | C43: PAYT | D43: PAYT | E43: AT-98-PM | F43: 2 | I43: PAYT | J43: Serviços & Equipas_SHU (Semana)
A44: Semana (2ª a 6ª) | B44: Tarde | C44: RECICLAGEM | D44: Recicláveis | E44: 75-ZQ-13 | F44: 2 | I44: RECICLAGEM | J44: Serviços & Equipas_SHU (Semana)
A45: Semana (2ª a 6ª) | B45: Tarde | C45: SELETIVO | D45: Recicláveis | E45: 47-LP-50 | F45: 2 | I45: SELETIVO | J45: Serviços & Equipas_SHU (Semana)
A46: Semana (2ª a 6ª) | B46: Tarde | C46: SELETIVO | D46: Recicláveis | E46: 75-ZQ-24 | F46: 2 | I46: SELETIVO | J46: Serviços & Equipas_SHU (Semana)
A47: Semana (2ª a 6ª) | B47: Noite | C47: BIO 1 | D47: Orgânicos | E47: AR-81-SQ | F47: 3 | G47: PAP | H47: Centro histórico | I47: BIO 1 | J47: Serviços & Equipas_SHU (Semana)
A48: Semana (2ª a 6ª) | B48: Noite | C48: PAYT | D48: PAYT | E48: AT-28-PM | F48: 2 | I48: PAYT | J48: Serviços & Equipas_SHU (Semana)
A49: Semana (2ª a 6ª) | B49: Noite | C49: PAYT | D49: PAYT | E49: 75-ZQ-13 | F49: 0 | I49: PAYT | J49: Serviços & Equipas_SHU (Semana)
A50: Sábado | B50: Manhã | C50: C1 | D50: Indiferenciados | E50: 65-RB-29 | F50: 2 | G50: Moloks | H50: Costa Azurém Moreira de Cónegos Mesão Frio São Torcato | I50: C1 | J50: Serviços & Equipas_SHU (Sábado)
A51: Sábado | B51: Manhã | C51: C2 | D51: Indiferenciados | E51: CA-27-DS | F51: 2 | G51: Moloks | H51: Cidade Costa Senhora da Conceição | I51: C2 | J51: Serviços & Equipas_SHU (Sábado)
A52: Sábado | B52: Manhã | C52: BIO 3 | D52: Orgânicos | E52: 60-93-ZG | F52: 3 | G52: Contentores | H52: Todos os cemitérios do concelho | I52: C7 / BIO 3 | J52: Serviços & Equipas_SHU (Sábado) | K52: Circuito agrupado no planeamento
A53: Sábado | B53: Manhã | C53: C5 | D53: Indiferenciados | E53: AV-32-SV | F53: 3 | G53: Moloks | H53: Creixomil (zona alta) | I53: C5 | J53: Serviços & Equipas_SHU (Sábado)
A54: Sábado | B54: Manhã | C54: C6 | D54: Indiferenciados | E54: 24-ZZ-64 | F54: 3 | G54: Moloks | H54: Urgezes, Abação, Creixomil (zona baixa), Penha, Polvoreira, Conde, Nespereira e Lordelo | I54: C6 | J54: Serviços & Equipas_SHU (Sábado)
A55: Sábado | B55: Manhã | C55: C7 | D55: Indiferenciados | E55: 60-93-ZG | F55: 3 | G55: PAP | H55: Donin Briteiros S. Estevão | I55: C7 / BIO 3 | J55: Serviços & Equipas_SHU (Sábado) | K55: Circuito agrupado no planeamento
A56: Sábado | B56: Manhã | C56: C9 | D56: Indiferenciados | E56: 49-GC-81 | F56: 3 | G56: PAP | H56: Balazar Longos Sande São Lourenço Santa Leocadia de Briteiros | I56: C9 | J56: Serviços & Equipas_SHU (Sábado)
A57: Sábado | B57: Manhã | C57: C10 | D57: Indiferenciados | E57: 49-GC-80 | F57: 3 | G57: PAP | H57: Arosa Castelões Souto São Salvador Gondomar Souto Santa Maria | I57: C10/C11 | J57: Serviços & Equipas_SHU (Sábado) | K57: Circuito agrupado no planeamento
A58: Sábado | B58: Manhã | C58: C11 | D58: Indiferenciados | E58: 49-GC-80 | F58: 3 | G58: PAP | H58: Contentores Ponte ( 2º E 6º) Taipas Sande São Martinho São Salvador de Briteiros Nascional de Brito/taips Escolas Taipas Supermercado | I58: C10/C11 | J58: Serviços & Equipas_SHU (Sábado) | K58: Circuito agrupado no planeamento
A59: Sábado | B59: Manhã | C59: C13 | D59: Indiferenciados | E59: 79-CN-84 | F59: 3 | G59: PAP | H59: Pencelo Fermentões Gominhães Selho São Lourenço Corvite Prazins Santo Eufémia Nacional Selho São Lourenço | I59: C13 | J59: Serviços & Equipas_SHU (Sábado)
A60: Sábado | B60: Manhã | C60: C14 | D60: Indiferenciados | E60: BD-86-EN | F60: 3 | G60: PAP | H60: Contentores Cidade Salgueiral Vila Nova Ruas Estreitas São Clemente Rua Estreitas Campelos ( 4ª) Selho Ruas Estreitas São Torcato Rua Estreitas Vermil Creixomil (5ª) | I60: C14 | J60: Serviços & Equipas_SHU (Sábado)
A61: Sábado | B61: Manhã | C61: C16 | D61: Indiferenciados | E61: 29-20-ZN | F61: 3 | G61: PAP | H61: Vila Nova Sande São Clemente Figueiredo Oleiros Santa Maria Airão Airão São João | I61: C16/C17 | J61: Serviços & Equipas_SHU (Sábado) | K61: Circuito agrupado no planeamento
A62: Sábado | B62: Manhã | C62: C17 | D62: Indiferenciados | E62: 29-20-ZN | F62: 3 | G62: PAP | H62: São Martinho Candoso Selho São Cristovão | I62: C16/C17 | J62: Serviços & Equipas_SHU (Sábado) | K62: Circuito agrupado no planeamento
A63: Sábado | B63: Manhã | C63: C18 | D63: Indiferenciados | E63: 49-GC-79 | F63: 3 | G63: PAP | H63: Ronfe | I63: C18/C19 | J63: Serviços & Equipas_SHU (Sábado) | K63: Circuito agrupado no planeamento
A64: Sábado | B64: Manhã | C64: C19 | D64: Indiferenciados | E64: 49-GC-79 | F64: 3 | G64: PAP | H64: Brito | I64: C18/C19 | J64: Serviços & Equipas_SHU (Sábado) | K64: Circuito agrupado no planeamento
A65: Sábado | B65: Manhã | C65: 1A/1B | D65: A confirmar | E65: 47-LP-50 | F65: 2 | I65: 1 A/ 1B | J65: Serviços & Equipas_SHU (Sábado) | K65: Circuito agrupado no planeamento
A66: Sábado | B66: Manhã | C66: BIO (s/ nº) | D66: Orgânicos | E66: AN-50-LT | F66: 3 | I66: Bio | J66: Serviços & Equipas_SHU (Sábado)
A67: Sábado | B67: Manhã | C67: BIO (s/ nº) | D67: Orgânicos | E67: AR-93-SQ | F67: 3 | I67: Bio | J67: Serviços & Equipas_SHU (Sábado)
A68: Sábado | B68: Manhã | C68: CONTENTORES | D68: Serviços de apoio | E68: BZ-39-IV | F68: 1 | I68: CONTENTORES | J68: Serviços & Equipas_SHU (Sábado)
A69: Sábado | B69: Manhã | C69: MONSTROS | D69: Volumosos (Monstros) | E69: 60-45-XJ | F69: 2 | I69: MONSTROS | J69: Serviços & Equipas_SHU (Sábado)
A70: Sábado | B70: Manhã | C70: MONSTROS | D70: Volumosos (Monstros) | E70: 75-ZQ-24 | F70: 1 | I70: MONSTROS | J70: Serviços & Equipas_SHU (Sábado)
A71: Sábado | B71: Manhã | C71: MONSTROS | D71: Volumosos (Monstros) | E71: 48-CQ-06 | F71: 0 | I71: MONSTROS | J71: Serviços & Equipas_SHU (Sábado)
A72: Sábado | B72: Manhã | C72: PAYT | D72: PAYT | E72: AT-98-PM | F72: 2 | I72: PAYT | J72: Serviços & Equipas_SHU (Sábado)
A73: Sábado | B73: Manhã | C73: SEM CIRCUITO | D73: Sem afetação | E73: 65-RB-29 | F73: 2 | I73: (vazio) | J73: Serviços & Equipas_SHU (Sábado) | K73: Turno deduzido pelo bloco da folha
A74: Sábado | B74: Manhã | C74: SEM CIRCUITO | D74: Sem afetação | E74: 29-48-XU | F74: 2 | I74: (vazio) | J74: Serviços & Equipas_SHU (Sábado) | K74: Turno deduzido pelo bloco da folha
A75: Sábado | B75: Manhã | C75: SEM CIRCUITO | D75: Sem afetação | E75: 58-PF-10 | F75: 3 | I75: (vazio) | J75: Serviços & Equipas_SHU (Sábado) | K75: Turno deduzido pelo bloco da folha
A76: Sábado | B76: Manhã | C76: SEM CIRCUITO | D76: Sem afetação | E76: AJ-49-UO | F76: 3 | I76: (vazio) | J76: Serviços & Equipas_SHU (Sábado) | K76: Turno deduzido pelo bloco da folha
A77: Sábado | B77: Manhã | C77: SEM CIRCUITO | D77: Sem afetação | E77: 74-HN-36 | F77: 0 | I77: (vazio) | J77: Serviços & Equipas_SHU (Sábado) | K77: Turno deduzido pelo bloco da folha
A78: Sábado | B78: Manhã | C78: SEM CIRCUITO | D78: Sem afetação | E78: 75-ZQ-13 | F78: 0 | I78: (vazio) | J78: Serviços & Equipas_SHU (Sábado) | K78: Turno deduzido pelo bloco da folha
A79: Sábado | B79: Tarde | C79: C1 | D79: Indiferenciados | E79: AV-32-SV | F79: 2 | G79: Moloks | H79: Costa Azurém Moreira de Cónegos Mesão Frio São Torcato | I79: C1 | J79: Serviços & Equipas_SHU (Sábado)
A80: Sábado | B80: Tarde | C80: BIO 1 | D80: Orgânicos | E80: AR-81-SQ | F80: 2 | G80: PAP | H80: Centro histórico | I80: BIO 1 | J80: Serviços & Equipas_SHU (Sábado)
A81: Sábado | B81: Tarde | C81: BIO 2 | D81: Orgânicos | E81: AR-93-SQ | F81: 2 | G81: Contentores | H81: HORECA Cemitérios Contentores 1000L Taipas e Creixomil | I81: BIO 2 | J81: Serviços & Equipas_SHU (Sábado)
A82: Sábado | B82: Tarde | C82: C3 | D82: Indiferenciados | E82: AJ-49-UO | F82: 2 | G82: Moloks | H82: Fermentões Caldelas Barco Santo Eufémia Ponte Sande S. Martinho Prazins Souto | I82: C3 | J82: Serviços & Equipas_SHU (Sábado)
A83: Sábado | B83: Tarde | C83: BIO 3 | D83: Orgânicos | E83: AS-75-SG | F83: 2 | G83: Contentores | H83: Todos os cemitérios do concelho | I83: BIO 3 | J83: Serviços & Equipas_SHU (Sábado)
A84: Sábado | B84: Tarde | C84: C4 | D84: Indiferenciados | E84: 69-TJ-24 | F84: 2 | G84: Moloks | H84: Urgezes Selho Campelos Ronfe Serzedelo Gandarela Silvares Brito Gondar Guardizela | I84: C4 | J84: Serviços & Equipas_SHU (Sábado)
A85: Sábado | B85: Tarde | C85: C6 | D85: Indiferenciados | E85: CA-27-DS | F85: 2 | G85: Moloks | H85: Urgezes, Abação, Creixomil (zona baixa), Penha, Polvoreira, Conde, Nespereira e Lordelo | I85: C6 | J85: Serviços & Equipas_SHU (Sábado)
A86: Sábado | B86: Tarde | C86: CARTÃO | D86: Recicláveis | E86: 24-ZZ-64 | F86: 2 | I86: CARTÃO | J86: Serviços & Equipas_SHU (Sábado)
A87: Sábado | B87: Tarde | C87: MONSTROS | D87: Volumosos (Monstros) | E87: 75-ZQ-24 | F87: 1 | I87: MONSTROS | J87: Serviços & Equipas_SHU (Sábado)
A88: Sábado | B88: Tarde | C88: MONSTROS | D88: Volumosos (Monstros) | E88: 48-CQ-06 | F88: 1 | I88: MONSTROS | J88: Serviços & Equipas_SHU (Sábado)
A89: Sábado | B89: Tarde | C89: PAYT | D89: PAYT | E89: AT-98-PM | F89: 2 | I89: PAYT | J89: Serviços & Equipas_SHU (Sábado)
A90: Sábado | B90: Tarde | C90: RECICLAGEM | D90: Recicláveis | E90: 75-ZQ-13 | F90: 1 | I90: RECICLAGEM | J90: Serviços & Equipas_SHU (Sábado)
A91: Sábado | B91: Tarde | C91: SELETIVO | D91: Recicláveis | E91: 47-LP-50 | F91: 2 | I91: SELETIVO | J91: Serviços & Equipas_SHU (Sábado)
A92: Sábado | B92: Noite | C92: BIO 1 | D92: Orgânicos | E92: AR-81-SQ | F92: 1 | G92: PAP | H92: Centro histórico | I92: BIO 1 | J92: Serviços & Equipas_SHU (Sábado)
A93: Sábado | B93: Noite | C93: PAYT | D93: PAYT | E93: AT-98-PM | F93: 2 | I93: PAYT | J93: Serviços & Equipas_SHU (Sábado)
A94: Sábado | B94: Noite | C94: PAYT | D94: PAYT | E94: 75-ZQ-13 | F94: 0 | I94: PAYT | J94: Serviços & Equipas_SHU (Sábado)
A95: Domingo | B95: Manhã | C95: C1 | D95: Indiferenciados | E95: AJ-49-UO | F95: 2 | G95: Moloks | H95: Costa Azurém Moreira de Cónegos Mesão Frio São Torcato | I95: C 1 | J95: Serviços & Equipas_SHU(Domingo)
A96: Domingo | B96: Manhã | C96: C.H (Centro Histórico) | D96: A confirmar | E96: 58-PF-10 | F96: 0 | I96: C.H | J96: Serviços & Equipas_SHU(Domingo) | K96: Turno deduzido pelo bloco da folha
A97: Domingo | B97: Manhã | C97: PAYT | D97: PAYT | E97: AN-50-LT | F97: 3 | I97: PAYT | J97: Serviços & Equipas_SHU(Domingo)
A98: Domingo | B98: Manhã | C98: PAYT | D98: PAYT | E98: AT-98-PM | F98: 2 | I98: PAYT | J98: Serviços & Equipas_SHU(Domingo)
A99: Domingo | B99: Manhã | C99: SEM CIRCUITO | D99: Sem afetação | E99: 75-ZQ-24 | F99: 0 | I99: (vazio) | J99: Serviços & Equipas_SHU(Domingo) | K99: Turno deduzido pelo bloco da folha
A100: Domingo | B100: Manhã | C100: SEM CIRCUITO | D100: Sem afetação | E100: 48-CQ-06 | F100: 0 | I100: (vazio) | J100: Serviços & Equipas_SHU(Domingo) | K100: Turno deduzido pelo bloco da folha
...
